{
  "timelineObjects": [{
    "activitySegment": {
      "startLocation": {
        "latitudeE7": 450584589,
        "longitudeE7": -931613877
      },
      "endLocation": {
        "latitudeE7": 450609306,
        "longitudeE7": -931614393
      },
      "duration": {
        "startTimestamp": "2015-11-01T01:33:00.706Z",
        "endTimestamp": "2015-11-01T01:38:11.077Z"
      },
      "distance": 273,
      "confidence": "LOW",
      "activities": [{
        "activityType": "WALKING",
        "probability": 0.0
      }, {
        "activityType": "CYCLING",
        "probability": 0.0
      }, {
        "activityType": "IN_VEHICLE",
        "probability": 0.0
      }],
      "waypointPath": {
        "waypoints": [{
          "latE7": 450584259,
          "lngE7": -931614913
        }, {
          "latE7": 450605087,
          "lngE7": -931613388
        }],
        "source": "BACKFILLED",
        "distanceMeters": 359.12220406384955,
        "travelMode": "WALK",
        "confidence": 0.0
      },
      "editConfirmationStatus": "NOT_CONFIRMED"
    }
  }, {
    "activitySegment": {
      "startLocation": {
        "latitudeE7": 450597173,
        "longitudeE7": -931870083
      },
      "endLocation": {
        "latitudeE7": 451834652,
        "longitudeE7": -933198764
      },
      "duration": {
        "startTimestamp": "2015-11-06T22:34:54.286Z",
        "endTimestamp": "2015-11-07T23:25:32.264Z"
      },
      "distance": 57531,
      "confidence": "MEDIUM",
      "activities": [{
        "activityType": "IN_PASSENGER_VEHICLE",
        "probability": 0.0
      }, {
        "activityType": "IN_VEHICLE",
        "probability": 0.0
      }, {
        "activityType": "CYCLING",
        "probability": 0.0
      }, {
        "activityType": "FLYING",
        "probability": 0.0
      }, {
        "activityType": "WALKING",
        "probability": 0.0
      }, {
        "activityType": "IN_BUS",
        "probability": 0.0
      }, {
        "activityType": "IN_TRAIN",
        "probability": 0.0
      }, {
        "activityType": "IN_SUBWAY",
        "probability": 0.0
      }, {
        "activityType": "IN_TRAM",
        "probability": 0.0
      }]
    }
  }, {
    "activitySegment": {
      "startLocation": {
        "latitudeE7": 451833440,
        "longitudeE7": -933197295
      },
      "endLocation": {
        "latitudeE7": 451814452,
        "longitudeE7": -933175515
      },
      "duration": {
        "startTimestamp": "2015-11-07T23:30:24.765Z",
        "endTimestamp": "2015-11-07T23:36:54.885Z"
      },
      "distance": 436,
      "confidence": "LOW",
      "activities": [{
        "activityType": "WALKING",
        "probability": 0.0
      }, {
        "activityType": "CYCLING",
        "probability": 0.0
      }, {
        "activityType": "IN_VEHICLE",
        "probability": 0.0
      }, {
        "activityType": "FLYING",
        "probability": 0.0
      }, {
        "activityType": "IN_BUS",
        "probability": 0.0
      }, {
        "activityType": "IN_TRAIN",
        "probability": 0.0
      }, {
        "activityType": "IN_SUBWAY",
        "probability": 0.0
      }, {
        "activityType": "IN_TRAM",
        "probability": 0.0
      }, {
        "activityType": "IN_PASSENGER_VEHICLE",
        "probability": 0.0
      }]
    }
  }, {
    "activitySegment": {
      "startLocation": {
        "latitudeE7": 451816823,
        "longitudeE7": -933189248
      },
      "endLocation": {
        "latitudeE7": 450610507,
        "longitudeE7": -931607149
      },
      "duration": {
        "startTimestamp": "2015-11-08T00:08:43.903Z",
        "endTimestamp": "2015-11-08T00:53:46.507Z"
      },
      "distance": 35689,
      "confidence": "MEDIUM",
      "activities": [{
        "activityType": "IN_VEHICLE",
        "probability": 0.0
      }, {
        "activityType": "FLYING",
        "probability": 0.0
      }, {
        "activityType": "CYCLING",
        "probability": 0.0
      }],
      "waypointPath": {
        "waypoints": [{
          "latE7": 451816673,
          "lngE7": -933189468
        }, {
          "latE7": 450807876,
          "lngE7": -933583526
        }, {
          "latE7": 450778121,
          "lngE7": -933775482
        }, {
          "latE7": 450609893,
          "lngE7": -931605911
        }],
        "source": "BACKFILLED",
        "distanceMeters": 21665.782519401837,
        "travelMode": "DRIVE",
        "confidence": 0.9999802435181303
      },
      "simplifiedRawPath": {
        "points": [{
          "latE7": 450808640,
          "lngE7": -933583832,
          "accuracyMeters": 58,
          "timestamp": "2015-11-08T00:31:25.253Z"
        }, {
          "latE7": 450779076,
          "lngE7": -933775177,
          "accuracyMeters": 16,
          "timestamp": "2015-11-08T00:37:34.813Z"
        }]
      },
      "editConfirmationStatus": "NOT_CONFIRMED"
    }
  }, {
    "activitySegment": {
      "startLocation": {
        "latitudeE7": 450610507,
        "longitudeE7": -931607149
      },
      "endLocation": {
        "latitudeE7": 450126913,
        "longitudeE7": -931743308
      },
      "duration": {
        "startTimestamp": "2015-11-08T01:01:10.373Z",
        "endTimestamp": "2015-11-08T01:15:37.592Z"
      },
      "distance": 5680,
      "confidence": "MEDIUM",
      "activities": [{
        "activityType": "IN_PASSENGER_VEHICLE",
        "probability": 0.0
      }, {
        "activityType": "IN_VEHICLE",
        "probability": 0.0
      }, {
        "activityType": "CYCLING",
        "probability": 0.0
      }],
      "waypointPath": {
        "waypoints": [{
          "latE7": 450609893,
          "lngE7": -931605911
        }, {
          "latE7": 450129737,
          "lngE7": -931745452
        }],
        "source": "BACKFILLED",
        "distanceMeters": 6589.044508360324,
        "travelMode": "DRIVE",
        "confidence": 0.9945445825289548
      },
      "editConfirmationStatus": "NOT_CONFIRMED"
    }
  }, {
    "activitySegment": {
      "startLocation": {
        "latitudeE7": 450126134,
        "longitudeE7": -931743869
      },
      "endLocation": {
        "latitudeE7": 450124238,
        "longitudeE7": -931735066
      },
      "duration": {
        "startTimestamp": "2015-11-08T01:15:37.592Z",
        "endTimestamp": "2015-11-08T01:18:38.181Z"
      },
      "distance": 108,
      "confidence": "LOW",
      "activities": [{
        "activityType": "WALKING",
        "probability": 0.0
      }, {
        "activityType": "CYCLING",
        "probability": 0.0
      }, {
        "activityType": "IN_VEHICLE",
        "probability": 0.0
      }],
      "waypointPath": {
        "waypoints": [{
          "latE7": 450125350,
          "lngE7": -931748580
        }, {
          "latE7": 450121383,
          "lngE7": -931731567
        }],
        "source": "BACKFILLED",
        "distanceMeters": 295.7545423982703,
        "travelMode": "WALK",
        "confidence": 1.0
      },
      "editConfirmationStatus": "NOT_CONFIRMED"
    }
  }, {
    "placeVisit": {
      "location": {
        "latitudeE7": 450124946,
        "longitudeE7": -931725289,
        "placeId": "ChIJRTkiJu0rs1IRh6yFVjUI4qc",
        "address": "1595 Minnesota 36, Roseville, MN 55113-4094, United States",
        "name": "Rosedale Center Management",
        "locationConfidence": 49.50914
      },
      "duration": {
        "startTimestamp": "2015-11-08T01:20:55.830Z",
        "endTimestamp": "2015-11-08T01:44:15.853Z"
      },
      "childVisits": [{
        "location": {
          "latitudeE7": 450125773,
          "longitudeE7": -931723827,
          "placeId": "ChIJRTkiJu0rs1IRh6yFVjUI4qc",
          "address": "10 Rosedale Center, Saint Paul, Minnesota 55113, United States",
          "name": "Brookstone",
          "locationConfidence": 49.541737
        },
        "duration": {
          "startTimestamp": "2015-11-08T01:20:55.830Z",
          "endTimestamp": "2015-11-08T01:44:15.853Z"
        },
        "centerLatE7": 450119750,
        "centerLngE7": -931684650,
        "visitConfidence": 34,
        "otherCandidateLocations": [{
          "latitudeE7": 450131219,
          "longitudeE7": -931688347,
          "placeId": "ChIJk4oFYOsrs1IRCTxUobtAwdg",
          "address": "1595 MN-36 W #1000\nRoseville, MN 55113\nUSA",
          "name": "AMC Rosedale 14",
          "locationConfidence": 5.805537
        }, {
          "latitudeE7": 450124850,
          "longitudeE7": -931727090,
          "placeId": "ChIJH9Fxh_Irs1IREIM0CAFXCHk",
          "address": "652 Rosedale Shopping Center\nRoseville, MN 55113\nUSA",
          "name": "Air Traffic Kites \u0026 Games",
          "locationConfidence": 4.392647
        }, {
          "latitudeE7": 450126230,
          "longitudeE7": -931703720,
          "placeId": "ChIJqTjnt-wrs1IRE8DYwit34eY",
          "address": "Roseville, MN 55113\nUSA",
          "name": "Rosedale Mall \u0026 Big Bowl entrance",
          "locationConfidence": 3.2649143
        }, {
          "latitudeE7": 450128724,
          "longitudeE7": -931702929,
          "placeId": "ChIJ8WATfvIrs1IRNt1zR87HP88",
          "address": "860 Rosedale Shopping Center Suite 1020\nRoseville, MN 55113\nUSA",
          "name": "Chipotle Mexican Grill",
          "locationConfidence": 2.2992623
        }, {
          "latitudeE7": 450129781,
          "longitudeE7": -931698049,
          "placeId": "ChIJ00qdY-srs1IR8gBb7LtMqm8",
          "address": "1595 MN-36\nRoseville, MN 55113\nUSA",
          "name": "Granite City Food \u0026 Brewery",
          "locationConfidence": 2.1413262
        }, {
          "latitudeE7": 450121945,
          "longitudeE7": -931707091,
          "placeId": "ChIJhebJMe0rs1IRqNcMAB5x_Ps",
          "address": "1595 MN-36 Space 685\nRoseville, MN 55113\nUSA",
          "name": "Big Bowl Chinese And Thai",
          "locationConfidence": 1.8735652
        }, {
          "latitudeE7": 450124524,
          "longitudeE7": -931714418,
          "placeId": "ChIJ_Zeyme0rs1IRJVyWTJdugLE",
          "address": "1595 Highway 36 W Space 722\nRoseville, MN 55113\nUSA",
          "name": "Dairy Queen/orange Julius/kk Treats",
          "locationConfidence": 1.8261795
        }, {
          "latitudeE7": 450124170,
          "longitudeE7": -931683270,
          "placeId": "ChIJe0PNTesrs1IRbwtwCmTGdgc",
          "address": "Roseville, MN 55113\nUSA",
          "name": "Rosedale Transit Center \u0026 Gate C",
          "locationConfidence": 1.2740476
        }],
        "editConfirmationStatus": "NOT_CONFIRMED",
        "locationConfidence": 47,
        "placeVisitType": "SINGLE_PLACE"
      }],
      "centerLatE7": 450119750,
      "centerLngE7": -931684650,
      "visitConfidence": 34,
      "otherCandidateLocations": [{
        "latitudeE7": 450125773,
        "longitudeE7": -931723827,
        "placeId": "ChIJRTkiJu0rs1IRh6yFVjUI4qc",
        "address": "1595 MN-36\nRoseville, MN 55113\nUSA",
        "name": "Brookstone",
        "locationConfidence": 25.014048
      }, {
        "latitudeE7": 450131219,
        "longitudeE7": -931688347,
        "placeId": "ChIJk4oFYOsrs1IRCTxUobtAwdg",
        "address": "1595 MN-36 W #1000\nRoseville, MN 55113\nUSA",
        "name": "AMC Rosedale 14",
        "locationConfidence": 2.9312656
      }, {
        "latitudeE7": 450124850,
        "longitudeE7": -931727090,
        "placeId": "ChIJH9Fxh_Irs1IREIM0CAFXCHk",
        "address": "652 Rosedale Shopping Center\nRoseville, MN 55113\nUSA",
        "name": "Air Traffic Kites \u0026 Games",
        "locationConfidence": 2.2178853
      }, {
        "latitudeE7": 450126230,
        "longitudeE7": -931703720,
        "placeId": "ChIJqTjnt-wrs1IRE8DYwit34eY",
        "address": "Roseville, MN 55113\nUSA",
        "name": "Rosedale Mall \u0026 Big Bowl entrance",
        "locationConfidence": 1.6484833
      }, {
        "latitudeE7": 450128724,
        "longitudeE7": -931702929,
        "placeId": "ChIJ8WATfvIrs1IRNt1zR87HP88",
        "address": "860 Rosedale Shopping Center Suite 1020\nRoseville, MN 55113\nUSA",
        "name": "Chipotle Mexican Grill",
        "locationConfidence": 1.1609172
      }, {
        "latitudeE7": 450129781,
        "longitudeE7": -931698049,
        "placeId": "ChIJ00qdY-srs1IR8gBb7LtMqm8",
        "address": "1595 MN-36\nRoseville, MN 55113\nUSA",
        "name": "Granite City Food \u0026 Brewery",
        "locationConfidence": 1.081174
      }, {
        "latitudeE7": 450121945,
        "longitudeE7": -931707091,
        "placeId": "ChIJhebJMe0rs1IRqNcMAB5x_Ps",
        "address": "1595 MN-36 Space 685\nRoseville, MN 55113\nUSA",
        "name": "Big Bowl Chinese And Thai",
        "locationConfidence": 0.9459792
      }, {
        "latitudeE7": 450124524,
        "longitudeE7": -931714418,
        "placeId": "ChIJ_Zeyme0rs1IRJVyWTJdugLE",
        "address": "1595 Highway 36 W Space 722\nRoseville, MN 55113\nUSA",
        "name": "Dairy Queen/orange Julius/kk Treats",
        "locationConfidence": 0.9220537
      }, {
        "latitudeE7": 450124170,
        "longitudeE7": -931683270,
        "placeId": "ChIJe0PNTesrs1IRbwtwCmTGdgc",
        "address": "Roseville, MN 55113\nUSA",
        "name": "Rosedale Transit Center \u0026 Gate C",
        "locationConfidence": 0.6432776
      }],
      "editConfirmationStatus": "NOT_CONFIRMED",
      "locationConfidence": 47,
      "placeVisitType": "SINGLE_PLACE",
      "placeVisitImportance": "MAIN"
    }
  }, {
    "activitySegment": {
      "startLocation": {
        "latitudeE7": 450132588,
        "longitudeE7": -931760255
      },
      "endLocation": {
        "latitudeE7": 450571608,
        "longitudeE7": -931618544
      },
      "duration": {
        "startTimestamp": "2015-11-08T01:49:13.048Z",
        "endTimestamp": "2015-11-08T01:59:12.353Z"
      },
      "distance": 5201,
      "confidence": "MEDIUM",
      "activities": [{
        "activityType": "IN_PASSENGER_VEHICLE",
        "probability": 0.0
      }, {
        "activityType": "IN_VEHICLE",
        "probability": 0.0
      }, {
        "activityType": "CYCLING",
        "probability": 0.0
      }],
      "waypointPath": {
        "waypoints": [{
          "latE7": 450132713,
          "lngE7": -931760940
        }, {
          "latE7": 450605201,
          "lngE7": -931612472
        }],
        "source": "BACKFILLED",
        "distanceMeters": 6945.100825770068,
        "travelMode": "DRIVE",
        "confidence": 0.0
      },
      "editConfirmationStatus": "NOT_CONFIRMED"
    }
  }, {
    "activitySegment": {
      "startLocation": {
        "latitudeE7": 450571408,
        "longitudeE7": -931618573
      },
      "endLocation": {
        "latitudeE7": 450609215,
        "longitudeE7": -931613338
      },
      "duration": {
        "startTimestamp": "2015-11-08T01:59:12.353Z",
        "endTimestamp": "2015-11-08T02:03:49.946Z"
      },
      "distance": 422,
      "confidence": "LOW",
      "activities": [{
        "activityType": "WALKING",
        "probability": 0.0
      }, {
        "activityType": "CYCLING",
        "probability": 0.0
      }, {
        "activityType": "IN_VEHICLE",
        "probability": 0.0
      }],
      "editConfirmationStatus": "NOT_CONFIRMED"
    }
  }, {
    "placeVisit": {
      "location": {
        "latitudeE7": 450605222,
        "longitudeE7": -931609145,
        "placeId": "ChIJkSWw5hops1IRQyTh52gXvEc",
        "address": "Lissner Hall, Bethel Dr, Arden Hills, Minnesota 55112, United States",
        "name": "Lissner Hall",
        "locationConfidence": 61.950764
      },
      "duration": {
        "startTimestamp": "2015-11-08T02:03:49.946Z",
        "endTimestamp": "2015-11-08T18:33:04.920Z"
      },
      "centerLatE7": 450609116,
      "centerLngE7": -931613337,
      "visitConfidence": 89,
      "otherCandidateLocations": [{
        "latitudeE7": 450580464,
        "longitudeE7": -931620449,
        "placeId": "ChIJnRSylhAps1IRaa_jeBgT0ZU",
        "address": "3900 Bethel Dr\nArden Hills, MN 55112\nUSA",
        "name": "3900 Bethel Dr",
        "semanticType": "TYPE_WORK",
        "locationConfidence": 22.009983
      }, {
        "latitudeE7": 450578694,
        "longitudeE7": -931605217,
        "placeId": "ChIJb1zMgxAps1IRVrJzfICGzvQ",
        "address": "3900 Bethel Dr\nSt Paul, MN 55112\nUSA",
        "name": "Bethel University",
        "locationConfidence": 15.856616
      }, {
        "latitudeE7": 450603963,
        "longitudeE7": -931634295,
        "placeId": "ChIJqdkMRxops1IRYmJurOu0cgs",
        "address": "Bethel Dr\nArden Hills, MN 55112\nUSA",
        "name": "Recreation Hall",
        "locationConfidence": 0.029158507
      }, {
        "latitudeE7": 450575990,
        "longitudeE7": -931612519,
        "placeId": "ChIJrTImjRYps1IRb77FiFHA1JM",
        "address": "3900 Bethel Dr\nSt Paul, MN 55112\nUSA",
        "name": "US Post Office",
        "locationConfidence": 0.02456812
      }, {
        "latitudeE7": 450602788,
        "longitudeE7": -931629494,
        "placeId": "ChIJ38K0Qxops1IRJIsrkd9kQIw",
        "address": "3949 Bethel Dr\nArden Hills, MN 55112\nUSA",
        "name": "Lundquist Library",
        "locationConfidence": 0.016739246
      }, {
        "latitudeE7": 450599283,
        "longitudeE7": -931636441,
        "placeId": "ChIJ7altFhops1IRtCUrI6B-6_E",
        "address": "2 Pine Tree Dr\nArden Hills, MN 55112\nUSA",
        "name": "Seminary Chapel",
        "locationConfidence": 0.010070558
      }, {
        "latitudeE7": 450597133,
        "longitudeE7": -931634121,
        "placeId": "ChIJi_YCERops1IRzmvhSEV-j4k",
        "address": "2 Pine Tree Dr\nArden Hills, MN 55112\nUSA",
        "name": "Seminary Campus Center",
        "locationConfidence": 0.009948491
      }, {
        "latitudeE7": 450598828,
        "longitudeE7": -931628180,
        "placeId": "ChIJC45gaxops1IR3Nod5STqhv0",
        "address": "Bethel Dr\nArden Hills, MN 55112\nUSA",
        "name": "Seminary Classroom Hall",
        "locationConfidence": 0.00922286
      }, {
        "latitudeE7": 450578252,
        "longitudeE7": -931605917,
        "placeId": "ChIJwzFrQBAps1IRDzBTLoMOE3c",
        "address": "Bethel Dr\nArden Hills, MN 55112\nUSA",
        "name": "Robertson Center",
        "locationConfidence": 0.009169751
      }],
      "editConfirmationStatus": "NOT_CONFIRMED",
      "locationConfidence": 57,
      "placeVisitType": "SINGLE_PLACE",
      "placeVisitImportance": "MAIN"
    }
  }, {
    "activitySegment": {
      "startLocation": {
        "latitudeE7": 450605222,
        "longitudeE7": -931609145,
        "placeId": "ChIJkSWw5hops1IRQyTh52gXvEc",
        "address": "Lissner Hall, Bethel Dr, Arden Hills, Minnesota 55112, United States",
        "name": "Lissner Hall",
        "locationConfidence": 61.950764
      },
      "endLocation": {
        "latitudeE7": 450580464,
        "longitudeE7": -931620449,
        "placeId": "ChIJnRSylhAps1IRaa_jeBgT0ZU",
        "address": "3900 Bethel Drive, Saint Paul, Minnesota 55112, United States",
        "name": "3900 Bethel Dr",
        "semanticType": "TYPE_WORK",
        "locationConfidence": 98.42432
      },
      "duration": {
        "startTimestamp": "2015-11-08T18:33:04.920Z",
        "endTimestamp": "2015-11-08T18:48:48.867Z"
      },
      "distance": 344,
      "confidence": "LOW",
      "activities": [{
        "activityType": "WALKING",
        "probability": 0.0
      }, {
        "activityType": "CYCLING",
        "probability": 0.0
      }, {
        "activityType": "IN_VEHICLE",
        "probability": 0.0
      }],
      "waypointPath": {
        "waypoints": [{
          "latE7": 450604972,
          "lngE7": -931609268
        }, {
          "latE7": 450580329,
          "lngE7": -931619949
        }],
        "source": "BACKFILLED",
        "distanceMeters": 394.0954529151514,
        "travelMode": "WALK",
        "confidence": 0.8331261359677731
      },
      "editConfirmationStatus": "NOT_CONFIRMED"
    }
  }, {
    "placeVisit": {
      "location": {
        "latitudeE7": 450580464,
        "longitudeE7": -931620449,
        "placeId": "ChIJnRSylhAps1IRaa_jeBgT0ZU",
        "address": "3900 Bethel Drive, Saint Paul, Minnesota 55112, United States",
        "name": "3900 Bethel Dr",
        "semanticType": "TYPE_WORK",
        "locationConfidence": 98.42432
      },
      "duration": {
        "startTimestamp": "2015-11-08T18:48:48.867Z",
        "endTimestamp": "2015-11-08T19:05:30.086Z"
      },
      "centerLatE7": 450584644,
      "centerLngE7": -931626000,
      "visitConfidence": 77,
      "otherCandidateLocations": [{
        "latitudeE7": 450578694,
        "longitudeE7": -931605217,
        "placeId": "ChIJb1zMgxAps1IRVrJzfICGzvQ",
        "address": "3900 Bethel Dr\nSt Paul, MN 55112\nUSA",
        "name": "Bethel University",
        "locationConfidence": 0.83283776
      }, {
        "latitudeE7": 450585130,
        "longitudeE7": -931624747,
        "placeId": "ChIJTdHJmRAps1IRB86hwOCsy7M",
        "address": "3900 Bethel Dr\nArden Hills, MN 55112\nUSA",
        "name": "The Underground",
        "locationConfidence": 0.39310312
      }, {
        "latitudeE7": 450605222,
        "longitudeE7": -931609145,
        "placeId": "ChIJkSWw5hops1IRQyTh52gXvEc",
        "address": "Bethel Dr\nArden Hills, MN 55112\nUSA",
        "name": "Lissner Hall",
        "locationConfidence": 0.10179593
      }, {
        "latitudeE7": 450585115,
        "longitudeE7": -931623485,
        "placeId": "ChIJ8c6NmhAps1IRQJ2d4uHhV9Y",
        "address": "Arden Hills, MN 55112\nUSA",
        "name": "Campus Store",
        "locationConfidence": 0.09609682
      }, {
        "latitudeE7": 450584675,
        "longitudeE7": -931624478,
        "placeId": "ChIJnZl0mhAps1IRksXDw23GXMo",
        "address": "3900 Bethel Dr\nArden Hills, MN 55112\nUSA",
        "name": "Brushaber Commons",
        "locationConfidence": 0.083762825
      }, {
        "latitudeE7": 450575990,
        "longitudeE7": -931612519,
        "placeId": "ChIJrTImjRYps1IRb77FiFHA1JM",
        "address": "3900 Bethel Dr\nSt Paul, MN 55112\nUSA",
        "name": "US Post Office",
        "locationConfidence": 0.021650597
      }, {
        "latitudeE7": 450586183,
        "longitudeE7": -931624826,
        "placeId": "ChIJY3LJmxAps1IRyvmuzeIMIlE",
        "address": "Arden Hills, MN 55112\nUSA",
        "name": "Text Book Store",
        "locationConfidence": 0.008890403
      }, {
        "latitudeE7": 450581509,
        "longitudeE7": -931625094,
        "placeId": "ChIJbbNySDh8kFQRKuCVAXkNJXQ",
        "address": "3900 Bethel Dr\nSt Paul, MN 55112\nUSA",
        "name": "NrGize",
        "locationConfidence": 0.008346768
      }, {
        "latitudeE7": 450581970,
        "longitudeE7": -931625179,
        "placeId": "ChIJcfD8DRAps1IRXZYjjIeIhcE",
        "name": "US Bank",
        "locationConfidence": 0.006051081
      }],
      "editConfirmationStatus": "NOT_CONFIRMED",
      "locationConfidence": 92,
      "placeVisitType": "SINGLE_PLACE",
      "placeVisitImportance": "MAIN"
    }
  }, {
    "activitySegment": {
      "startLocation": {
        "latitudeE7": 450580464,
        "longitudeE7": -931620449
      },
      "endLocation": {
        "latitudeE7": 450506253,
        "longitudeE7": -931560735
      },
      "duration": {
        "startTimestamp": "2015-11-08T19:05:30.086Z",
        "endTimestamp": "2015-11-08T20:33:19.606Z"
      },
      "distance": 949,
      "confidence": "HIGH",
      "activities": [{
        "activityType": "WALKING",
        "probability": 0.0
      }, {
        "activityType": "CYCLING",
        "probability": 0.0
      }, {
        "activityType": "IN_VEHICLE",
        "probability": 0.0
      }],
      "waypointPath": {
        "waypoints": [{
          "latE7": 450580329,
          "lngE7": -931619949
        }, {
          "latE7": 450506248,
          "lngE7": -931558227
        }],
        "source": "BACKFILLED",
        "distanceMeters": 1894.3206917130078,
        "travelMode": "WALK",
        "confidence": 0.0
      },
      "editConfirmationStatus": "NOT_CONFIRMED"
    }
  }, {
    "placeVisit": {
      "location": {
        "latitudeE7": 450506253,
        "longitudeE7": -931560735,
        "placeId": "ChIJS8WcxMAus1IRa9In9IW-gjU",
        "address": "1313 County Road E, Saint Paul, MN 55112-3708, United States",
        "name": "McDonald\u0027s",
        "locationConfidence": 60.962563
      },
      "duration": {
        "startTimestamp": "2015-11-08T20:33:19.606Z",
        "endTimestamp": "2015-11-08T20:45:01.009Z"
      },
      "centerLatE7": 450494300,
      "centerLngE7": -931571200,
      "visitConfidence": 50,
      "otherCandidateLocations": [{
        "latitudeE7": 450506460,
        "longitudeE7": -931547083,
        "placeId": "ChIJc6dIxAwps1IRHBhxXFRlilI",
        "address": "1273 County Rd E\nArden Hills, MN 55112\nUSA",
        "name": "Flahertys Arden Bowl",
        "locationConfidence": 18.885744
      }, {
        "latitudeE7": 450499320,
        "longitudeE7": -931546136,
        "placeId": "ChIJ2yrvrEMqs1IRuMGV_f507Ak",
        "address": "1310 County Rd E\nArden Hills, MN 55112\nUSA",
        "name": "Shell",
        "locationConfidence": 6.652599
      }, {
        "latitudeE7": 450517729,
        "longitudeE7": -931560379,
        "placeId": "ChIJ39r5AQ0ps1IR6a-qT1suPic",
        "address": "3776 Connelly Ave\nArden Hills, MN 55112\nUSA",
        "name": "Pot O\u0027Gold",
        "locationConfidence": 1.9445575
      }, {
        "latitudeE7": 450494880,
        "longitudeE7": -931543370,
        "placeId": "ChIJrWPqxMAus1IRTkQXjc5C9wg",
        "address": "1310 County Rd E\nArden Hills, MN 55112\nUSA",
        "name": "Brausen Automotive - Arden Hills",
        "locationConfidence": 1.843358
      }, {
        "latitudeE7": 450506407,
        "longitudeE7": -931545680,
        "placeId": "ChIJc6dIxAwps1IR1m3vF3zmlto",
        "address": "1273 County Rd E\nSt Paul, MN 55112\nUSA",
        "name": "Mike\u0027s Pro Shop",
        "locationConfidence": 1.2465954
      }, {
        "latitudeE7": 450498040,
        "longitudeE7": -931596980,
        "placeId": "ChIJKRqmzBIps1IR60XB4urO0qA",
        "name": "Honda Parts",
        "locationConfidence": 1.1856462
      }, {
        "latitudeE7": 450507229,
        "longitudeE7": -931560700,
        "placeId": "ChIJF2ZH0Qwps1IR18jjgN5yI08",
        "address": "1313 County Rd E\nArden Hills, MN 55112\nUSA",
        "name": "Redbox",
        "locationConfidence": 0.91632104
      }, {
        "latitudeE7": 450506664,
        "longitudeE7": -931548234,
        "placeId": "ChIJc6dIxAwps1IRyojgSP6x6-U",
        "address": "Arden Hills, MN 55112\nUSA",
        "name": "ATM Network, Inc.",
        "locationConfidence": 0.69763106
      }, {
        "latitudeE7": 450505566,
        "longitudeE7": -931536664,
        "placeId": "ChIJwS5JsAwps1IRFDsY6_RKp3o",
        "name": "Arden Shoreview Animal Hospital",
        "locationConfidence": 0.6329283
      }],
      "editConfirmationStatus": "NOT_CONFIRMED",
      "locationConfidence": 56,
      "placeVisitType": "SINGLE_PLACE",
      "placeVisitImportance": "MAIN"
    }
  }, {
    "activitySegment": {
      "startLocation": {
        "latitudeE7": 450506253,
        "longitudeE7": -931560735
      },
      "endLocation": {
        "latitudeE7": 450580464,
        "longitudeE7": -931620449
      },
      "duration": {
        "startTimestamp": "2015-11-08T20:45:01.009Z",
        "endTimestamp": "2015-11-08T21:17:28.472Z"
      },
      "distance": 949,
      "confidence": "HIGH",
      "activities": [{
        "activityType": "WALKING",
        "probability": 0.0
      }, {
        "activityType": "CYCLING",
        "probability": 0.0
      }, {
        "activityType": "IN_VEHICLE",
        "probability": 0.0
      }],
      "waypointPath": {
        "waypoints": [{
          "latE7": 450506248,
          "lngE7": -931558227
        }, {
          "latE7": 450580329,
          "lngE7": -931619949
        }],
        "source": "BACKFILLED",
        "distanceMeters": 1894.2466332346658,
        "travelMode": "WALK",
        "confidence": 0.0
      },
      "editConfirmationStatus": "NOT_CONFIRMED"
    }
  }, {
    "placeVisit": {
      "location": {
        "latitudeE7": 450580464,
        "longitudeE7": -931620449,
        "placeId": "ChIJnRSylhAps1IRaa_jeBgT0ZU",
        "address": "3900 Bethel Drive, Saint Paul, Minnesota 55112, United States",
        "name": "3900 Bethel Dr",
        "semanticType": "TYPE_WORK",
        "locationConfidence": 99.196236
      },
      "duration": {
        "startTimestamp": "2015-11-08T21:17:28.472Z",
        "endTimestamp": "2015-11-08T23:58:17.972Z"
      },
      "centerLatE7": 450581455,
      "centerLngE7": -931621960,
      "visitConfidence": 80,
      "otherCandidateLocations": [{
        "latitudeE7": 450578694,
        "longitudeE7": -931605217,
        "placeId": "ChIJb1zMgxAps1IRVrJzfICGzvQ",
        "address": "3900 Bethel Dr\nSt Paul, MN 55112\nUSA",
        "name": "Bethel University",
        "locationConfidence": 0.7240842
      }, {
        "latitudeE7": 450575990,
        "longitudeE7": -931612519,
        "placeId": "ChIJrTImjRYps1IRb77FiFHA1JM",
        "address": "3900 Bethel Dr\nSt Paul, MN 55112\nUSA",
        "name": "US Post Office",
        "locationConfidence": 0.024023905
      }, {
        "latitudeE7": 450605222,
        "longitudeE7": -931609145,
        "placeId": "ChIJkSWw5hops1IRQyTh52gXvEc",
        "address": "Bethel Dr\nArden Hills, MN 55112\nUSA",
        "name": "Lissner Hall",
        "locationConfidence": 0.02080764
      }, {
        "latitudeE7": 450585130,
        "longitudeE7": -931624747,
        "placeId": "ChIJTdHJmRAps1IRB86hwOCsy7M",
        "address": "3900 Bethel Dr\nArden Hills, MN 55112\nUSA",
        "name": "The Underground",
        "locationConfidence": 0.008854704
      }, {
        "latitudeE7": 450584675,
        "longitudeE7": -931624478,
        "placeId": "ChIJnZl0mhAps1IRksXDw23GXMo",
        "address": "3900 Bethel Dr\nArden Hills, MN 55112\nUSA",
        "name": "Brushaber Commons",
        "locationConfidence": 0.006053509
      }, {
        "latitudeE7": 450577856,
        "longitudeE7": -931618589,
        "placeId": "ChIJf9_cdhEps1IRpe568a6N_sY",
        "address": "3900 Bethel Dr\nSt Paul, MN 55112\nUSA",
        "name": "Music In World Cultures Inc",
        "locationConfidence": 0.003808266
      }, {
        "latitudeE7": 450581509,
        "longitudeE7": -931625094,
        "placeId": "ChIJbbNySDh8kFQRKuCVAXkNJXQ",
        "address": "3900 Bethel Dr\nSt Paul, MN 55112\nUSA",
        "name": "NrGize",
        "locationConfidence": 0.002366004
      }, {
        "latitudeE7": 450578252,
        "longitudeE7": -931605917,
        "placeId": "ChIJwzFrQBAps1IRDzBTLoMOE3c",
        "address": "Bethel Dr\nArden Hills, MN 55112\nUSA",
        "name": "Robertson Center",
        "locationConfidence": 0.002299859
      }, {
        "latitudeE7": 450581970,
        "longitudeE7": -931625179,
        "placeId": "ChIJcfD8DRAps1IRXZYjjIeIhcE",
        "name": "US Bank",
        "locationConfidence": 0.0022133992
      }],
      "editConfirmationStatus": "NOT_CONFIRMED",
      "locationConfidence": 92,
      "placeVisitType": "SINGLE_PLACE",
      "placeVisitImportance": "MAIN"
    }
  }, {
    "activitySegment": {
      "startLocation": {
        "latitudeE7": 450580464,
        "longitudeE7": -931620449,
        "placeId": "ChIJnRSylhAps1IRaa_jeBgT0ZU",
        "address": "3900 Bethel Drive, Saint Paul, Minnesota 55112, United States",
        "name": "3900 Bethel Dr",
        "semanticType": "TYPE_WORK",
        "locationConfidence": 99.196236
      },
      "endLocation": {
        "latitudeE7": 450605222,
        "longitudeE7": -931609145,
        "placeId": "ChIJkSWw5hops1IRQyTh52gXvEc",
        "address": "Lissner Hall, Bethel Dr, Arden Hills, Minnesota 55112, United States",
        "name": "Lissner Hall",
        "locationConfidence": 56.71935
      },
      "duration": {
        "startTimestamp": "2015-11-08T23:58:17.972Z",
        "endTimestamp": "2015-11-09T00:11:16.392Z"
      },
      "distance": 266,
      "confidence": "HIGH",
      "activities": [{
        "activityType": "WALKING",
        "probability": 0.0
      }, {
        "activityType": "CYCLING",
        "probability": 0.0
      }, {
        "activityType": "IN_VEHICLE",
        "probability": 0.0
      }],
      "waypointPath": {
        "waypoints": [{
          "latE7": 450580329,
          "lngE7": -931619949
        }, {
          "latE7": 450604972,
          "lngE7": -931609268
        }],
        "source": "BACKFILLED",
        "distanceMeters": 394.1328027297918,
        "travelMode": "WALK",
        "confidence": 0.6806017956218652
      },
      "editConfirmationStatus": "NOT_CONFIRMED"
    }
  }, {
    "placeVisit": {
      "location": {
        "latitudeE7": 450605222,
        "longitudeE7": -931609145,
        "placeId": "ChIJkSWw5hops1IRQyTh52gXvEc",
        "address": "Lissner Hall, Bethel Dr, Arden Hills, Minnesota 55112, United States",
        "name": "Lissner Hall",
        "locationConfidence": 56.71935
      },
      "duration": {
        "startTimestamp": "2015-11-09T00:11:16.392Z",
        "endTimestamp": "2015-11-09T03:51:57.695Z"
      },
      "centerLatE7": 450609085,
      "centerLngE7": -931613304,
      "visitConfidence": 80,
      "otherCandidateLocations": [{
        "latitudeE7": 450580464,
        "longitudeE7": -931620449,
        "placeId": "ChIJnRSylhAps1IRaa_jeBgT0ZU",
        "address": "3900 Bethel Dr\nArden Hills, MN 55112\nUSA",
        "name": "3900 Bethel Dr",
        "semanticType": "TYPE_WORK",
        "locationConfidence": 39.019497
      }, {
        "latitudeE7": 450578694,
        "longitudeE7": -931605217,
        "placeId": "ChIJb1zMgxAps1IRVrJzfICGzvQ",
        "address": "3900 Bethel Dr\nSt Paul, MN 55112\nUSA",
        "name": "Bethel University",
        "locationConfidence": 4.0874524
      }, {
        "latitudeE7": 450609353,
        "longitudeE7": -931622947,
        "placeId": "ChIJCafiUBops1IRKZe7lpVyRR4",
        "address": "Bethel Dr\nArden Hills, MN 55112\nUSA",
        "name": "Scandia Church",
        "locationConfidence": 0.03931942
      }, {
        "latitudeE7": 450575990,
        "longitudeE7": -931612519,
        "placeId": "ChIJrTImjRYps1IRb77FiFHA1JM",
        "address": "3900 Bethel Dr\nSt Paul, MN 55112\nUSA",
        "name": "US Post Office",
        "locationConfidence": 0.019155353
      }, {
        "latitudeE7": 450603963,
        "longitudeE7": -931634295,
        "placeId": "ChIJqdkMRxops1IRYmJurOu0cgs",
        "address": "Bethel Dr\nArden Hills, MN 55112\nUSA",
        "name": "Recreation Hall",
        "locationConfidence": 0.015937593
      }, {
        "latitudeE7": 450602788,
        "longitudeE7": -931629494,
        "placeId": "ChIJ38K0Qxops1IRJIsrkd9kQIw",
        "address": "3949 Bethel Dr\nArden Hills, MN 55112\nUSA",
        "name": "Lundquist Library",
        "locationConfidence": 0.012317691
      }, {
        "latitudeE7": 450599283,
        "longitudeE7": -931636441,
        "placeId": "ChIJ7altFhops1IRtCUrI6B-6_E",
        "address": "2 Pine Tree Dr\nArden Hills, MN 55112\nUSA",
        "name": "Seminary Chapel",
        "locationConfidence": 0.0074111586
      }, {
        "latitudeE7": 450597133,
        "longitudeE7": -931634121,
        "placeId": "ChIJi_YCERops1IRzmvhSEV-j4k",
        "address": "2 Pine Tree Dr\nArden Hills, MN 55112\nUSA",
        "name": "Seminary Campus Center",
        "locationConfidence": 0.007326381
      }, {
        "latitudeE7": 450623598,
        "longitudeE7": -931627631,
        "placeId": "ChIJ9Qv7vBsps1IR9LZJiLklkNI",
        "address": "4000 Bethel Dr\nSt Paul, MN 55112\nUSA",
        "name": "Chalberg Hall",
        "locationConfidence": 0.0072614355
      }],
      "editConfirmationStatus": "NOT_CONFIRMED",
      "locationConfidence": 53,
      "placeVisitType": "SINGLE_PLACE",
      "placeVisitImportance": "MAIN"
    }
  }, {
    "activitySegment": {
      "startLocation": {
        "latitudeE7": 450605222,
        "longitudeE7": -931609145,
        "placeId": "ChIJkSWw5hops1IRQyTh52gXvEc",
        "address": "Lissner Hall, Bethel Dr, Arden Hills, Minnesota 55112, United States",
        "name": "Lissner Hall",
        "locationConfidence": 56.71935
      },
      "endLocation": {
        "latitudeE7": 450566916,
        "longitudeE7": -931622993
      },
      "duration": {
        "startTimestamp": "2015-11-09T03:51:57.695Z",
        "endTimestamp": "2015-11-09T03:57:23.685Z"
      },
      "distance": 434,
      "confidence": "MEDIUM",
      "activities": [{
        "activityType": "WALKING",
        "probability": 0.0
      }, {
        "activityType": "CYCLING",
        "probability": 0.0
      }, {
        "activityType": "IN_VEHICLE",
        "probability": 0.0
      }],
      "waypointPath": {
        "waypoints": [{
          "latE7": 450604972,
          "lngE7": -931609268
        }, {
          "latE7": 450568084,
          "lngE7": -931623687
        }],
        "source": "BACKFILLED",
        "distanceMeters": 543.9772382852477,
        "travelMode": "WALK",
        "confidence": 0.841609748181038
      },
      "editConfirmationStatus": "NOT_CONFIRMED"
    }
  }, {
    "activitySegment": {
      "startLocation": {
        "latitudeE7": 450574711,
        "longitudeE7": -931616534
      },
      "endLocation": {
        "latitudeE7": 450577007,
        "longitudeE7": -931450344
      },
      "duration": {
        "startTimestamp": "2015-11-09T03:57:23.685Z",
        "endTimestamp": "2015-11-09T04:06:53.054Z"
      },
      "distance": 2168,
      "confidence": "MEDIUM",
      "activities": [{
        "activityType": "IN_PASSENGER_VEHICLE",
        "probability": 0.0
      }, {
        "activityType": "IN_VEHICLE",
        "probability": 0.0
      }, {
        "activityType": "CYCLING",
        "probability": 0.0
      }],
      "waypointPath": {
        "waypoints": [{
          "latE7": 450568084,
          "lngE7": -931623687
        }, {
          "latE7": 450577011,
          "lngE7": -931451568
        }],
        "source": "BACKFILLED",
        "distanceMeters": 3306.1462134626922,
        "travelMode": "DRIVE",
        "confidence": 1.0
      },
      "editConfirmationStatus": "NOT_CONFIRMED"
    }
  }, {
    "activitySegment": {
      "startLocation": {
        "latitudeE7": 450576847,
        "longitudeE7": -931450548
      },
      "endLocation": {
        "latitudeE7": 450580722,
        "longitudeE7": -931451129
      },
      "duration": {
        "startTimestamp": "2015-11-09T04:06:53.054Z",
        "endTimestamp": "2015-11-09T04:16:00.009Z"
      },
      "distance": 287,
      "confidence": "MEDIUM",
      "activities": [{
        "activityType": "WALKING",
        "probability": 0.0
      }, {
        "activityType": "IN_VEHICLE",
        "probability": 0.0
      }, {
        "activityType": "CYCLING",
        "probability": 0.0
      }],
      "waypointPath": {
        "waypoints": [{
          "latE7": 450576858,
          "lngE7": -931451568
        }, {
          "latE7": 450583381,
          "lngE7": -931460342
        }, {
          "latE7": 450580520,
          "lngE7": -931451721
        }],
        "source": "BACKFILLED",
        "distanceMeters": 454.1903224883411,
        "travelMode": "WALK",
        "confidence": 1.0
      },
      "simplifiedRawPath": {
        "points": [{
          "latE7": 450586853,
          "lngE7": -931463089,
          "accuracyMeters": 51,
          "timestamp": "2015-11-09T04:09:42.449Z"
        }]
      },
      "editConfirmationStatus": "NOT_CONFIRMED"
    }
  }, {
    "activitySegment": {
      "startLocation": {
        "latitudeE7": 450580722,
        "longitudeE7": -931451129
      },
      "endLocation": {
        "latitudeE7": 450618741,
        "longitudeE7": -931605359
      },
      "duration": {
        "startTimestamp": "2015-11-09T04:16:00.009Z",
        "endTimestamp": "2015-11-09T04:24:20.288Z"
      },
      "distance": 2507,
      "confidence": "MEDIUM",
      "activities": [{
        "activityType": "IN_PASSENGER_VEHICLE",
        "probability": 0.0
      }, {
        "activityType": "IN_VEHICLE",
        "probability": 0.0
      }, {
        "activityType": "WALKING",
        "probability": 0.0
      }],
      "waypointPath": {
        "waypoints": [{
          "latE7": 450580520,
          "lngE7": -931451721
        }, {
          "latE7": 450618934,
          "lngE7": -931604843
        }],
        "source": "BACKFILLED",
        "distanceMeters": 3932.288208542209,
        "travelMode": "DRIVE",
        "confidence": 0.0
      },
      "editConfirmationStatus": "NOT_CONFIRMED"
    }
  }, {
    "placeVisit": {
      "location": {
        "latitudeE7": 450605222,
        "longitudeE7": -931609145,
        "placeId": "ChIJkSWw5hops1IRQyTh52gXvEc",
        "address": "Lissner Hall, Bethel Dr, Arden Hills, Minnesota 55112, United States",
        "name": "Lissner Hall",
        "locationConfidence": 67.33463
      },
      "duration": {
        "startTimestamp": "2015-11-09T04:24:20.288Z",
        "endTimestamp": "2015-11-09T14:56:01.033Z"
      },
      "centerLatE7": 450609119,
      "centerLngE7": -931613386,
      "visitConfidence": 85,
      "otherCandidateLocations": [{
        "latitudeE7": 450580464,
        "longitudeE7": -931620449,
        "placeId": "ChIJnRSylhAps1IRaa_jeBgT0ZU",
        "address": "3900 Bethel Dr\nArden Hills, MN 55112\nUSA",
        "name": "3900 Bethel Dr",
        "semanticType": "TYPE_WORK",
        "locationConfidence": 24.340714
      }, {
        "latitudeE7": 450578694,
        "longitudeE7": -931605217,
        "placeId": "ChIJb1zMgxAps1IRVrJzfICGzvQ",
        "address": "3900 Bethel Dr\nSt Paul, MN 55112\nUSA",
        "name": "Bethel University",
        "locationConfidence": 8.022694
      }, {
        "latitudeE7": 450575990,
        "longitudeE7": -931612519,
        "placeId": "ChIJrTImjRYps1IRb77FiFHA1JM",
        "address": "3900 Bethel Dr\nSt Paul, MN 55112\nUSA",
        "name": "US Post Office",
        "locationConfidence": 0.088211365
      }, {
        "latitudeE7": 450603963,
        "longitudeE7": -931634295,
        "placeId": "ChIJqdkMRxops1IRYmJurOu0cgs",
        "address": "Bethel Dr\nArden Hills, MN 55112\nUSA",
        "name": "Recreation Hall",
        "locationConfidence": 0.03301076
      }, {
        "latitudeE7": 450601644,
        "longitudeE7": -931632724,
        "placeId": "ChIJb1zMgxAps1IRDEoFu4cHH0M",
        "name": "Bethel Seminary",
        "locationConfidence": 0.024488578
      }, {
        "latitudeE7": 450602788,
        "longitudeE7": -931629494,
        "placeId": "ChIJ38K0Qxops1IRJIsrkd9kQIw",
        "address": "3949 Bethel Dr\nArden Hills, MN 55112\nUSA",
        "name": "Lundquist Library",
        "locationConfidence": 0.018924072
      }, {
        "latitudeE7": 450598336,
        "longitudeE7": -931628716,
        "placeId": "ChIJ0QKNbBops1IR5ha4BcJR5V4",
        "address": "3949 Bethel Dr\nArden Hills, MN 55112\nUSA",
        "name": "Office of Admissions and Recruitment",
        "locationConfidence": 0.012919628
      }, {
        "latitudeE7": 450599283,
        "longitudeE7": -931636441,
        "placeId": "ChIJ7altFhops1IRtCUrI6B-6_E",
        "address": "2 Pine Tree Dr\nArden Hills, MN 55112\nUSA",
        "name": "Seminary Chapel",
        "locationConfidence": 0.011413582
      }, {
        "latitudeE7": 450597133,
        "longitudeE7": -931634121,
        "placeId": "ChIJi_YCERops1IRzmvhSEV-j4k",
        "address": "2 Pine Tree Dr\nArden Hills, MN 55112\nUSA",
        "name": "Seminary Campus Center",
        "locationConfidence": 0.011266766
      }],
      "editConfirmationStatus": "NOT_CONFIRMED",
      "locationConfidence": 62,
      "placeVisitType": "SINGLE_PLACE",
      "placeVisitImportance": "MAIN"
    }
  }, {
    "activitySegment": {
      "startLocation": {
        "latitudeE7": 450605222,
        "longitudeE7": -931609145,
        "placeId": "ChIJkSWw5hops1IRQyTh52gXvEc",
        "address": "Lissner Hall, Bethel Dr, Arden Hills, Minnesota 55112, United States",
        "name": "Lissner Hall",
        "locationConfidence": 67.33463
      },
      "endLocation": {
        "latitudeE7": 450580464,
        "longitudeE7": -931620449,
        "placeId": "ChIJnRSylhAps1IRaa_jeBgT0ZU",
        "address": "3900 Bethel Drive, Saint Paul, Minnesota 55112, United States",
        "name": "3900 Bethel Dr",
        "semanticType": "TYPE_WORK",
        "locationConfidence": 98.69744
      },
      "duration": {
        "startTimestamp": "2015-11-09T14:56:01.033Z",
        "endTimestamp": "2015-11-09T14:58:47.038Z"
      },
      "confidence": "MEDIUM",
      "activities": [{
        "activityType": "WALKING",
        "probability": 0.0
      }, {
        "activityType": "CYCLING",
        "probability": 0.0
      }, {
        "activityType": "IN_VEHICLE",
        "probability": 0.0
      }],
      "waypointPath": {
        "waypoints": [{
          "latE7": 450605239,
          "lngE7": -931611709
        }, {
          "latE7": 450579071,
          "lngE7": -931620101
        }],
        "source": "BACKFILLED",
        "distanceMeters": 416.23155258272635,
        "travelMode": "WALK",
        "confidence": 0.979796701526241
      },
      "editConfirmationStatus": "NOT_CONFIRMED"
    }
  }, {
    "placeVisit": {
      "location": {
        "latitudeE7": 450580464,
        "longitudeE7": -931620449,
        "placeId": "ChIJnRSylhAps1IRaa_jeBgT0ZU",
        "address": "3900 Bethel Drive, Saint Paul, Minnesota 55112, United States",
        "name": "3900 Bethel Dr",
        "semanticType": "TYPE_WORK",
        "locationConfidence": 98.69744
      },
      "duration": {
        "startTimestamp": "2015-11-09T14:58:47.038Z",
        "endTimestamp": "2015-11-09T15:58:22.991Z"
      },
      "centerLatE7": 450579210,
      "centerLngE7": -931622520,
      "visitConfidence": 76,
      "otherCandidateLocations": [{
        "latitudeE7": 450578694,
        "longitudeE7": -931605217,
        "placeId": "ChIJb1zMgxAps1IRVrJzfICGzvQ",
        "address": "3900 Bethel Dr\nSt Paul, MN 55112\nUSA",
        "name": "Bethel University",
        "locationConfidence": 1.1812675
      }, {
        "latitudeE7": 450575990,
        "longitudeE7": -931612519,
        "placeId": "ChIJrTImjRYps1IRb77FiFHA1JM",
        "address": "3900 Bethel Dr\nSt Paul, MN 55112\nUSA",
        "name": "US Post Office",
        "locationConfidence": 0.08047026
      }, {
        "latitudeE7": 450585130,
        "longitudeE7": -931624747,
        "placeId": "ChIJTdHJmRAps1IRB86hwOCsy7M",
        "address": "3900 Bethel Dr\nArden Hills, MN 55112\nUSA",
        "name": "The Underground",
        "locationConfidence": 0.008631561
      }, {
        "latitudeE7": 450581509,
        "longitudeE7": -931625094,
        "placeId": "ChIJbbNySDh8kFQRKuCVAXkNJXQ",
        "address": "3900 Bethel Dr\nSt Paul, MN 55112\nUSA",
        "name": "NrGize",
        "locationConfidence": 0.0035859852
      }, {
        "latitudeE7": 450584675,
        "longitudeE7": -931624478,
        "placeId": "ChIJnZl0mhAps1IRksXDw23GXMo",
        "address": "3900 Bethel Dr\nArden Hills, MN 55112\nUSA",
        "name": "Brushaber Commons",
        "locationConfidence": 0.003520696
      }, {
        "latitudeE7": 450576907,
        "longitudeE7": -931623325,
        "placeId": "ChIJP7la7BAps1IRgeJRmpJ2QAk",
        "name": "Academic Center",
        "locationConfidence": 0.003068183
      }, {
        "latitudeE7": 450581970,
        "longitudeE7": -931625179,
        "placeId": "ChIJcfD8DRAps1IRXZYjjIeIhcE",
        "name": "US Bank",
        "locationConfidence": 0.0029660722
      }, {
        "latitudeE7": 450578252,
        "longitudeE7": -931605917,
        "placeId": "ChIJwzFrQBAps1IRDzBTLoMOE3c",
        "address": "Bethel Dr\nArden Hills, MN 55112\nUSA",
        "name": "Robertson Center",
        "locationConfidence": 0.0027685892
      }, {
        "latitudeE7": 450574915,
        "longitudeE7": -931612361,
        "placeId": "ChIJldB2XhAps1IRn7fhaIqqtSk",
        "address": "3900 Bethel Dr\nArden Hills, MN 55112\nUSA",
        "name": "Bethel University Library",
        "locationConfidence": 0.0024692847
      }],
      "editConfirmationStatus": "NOT_CONFIRMED",
      "locationConfidence": 92,
      "placeVisitType": "SINGLE_PLACE",
      "placeVisitImportance": "MAIN"
    }
  }, {
    "activitySegment": {
      "startLocation": {
        "latitudeE7": 450578566,
        "longitudeE7": -931622404
      },
      "endLocation": {
        "latitudeE7": 450605222,
        "longitudeE7": -931609145,
        "placeId": "ChIJkSWw5hops1IRQyTh52gXvEc",
        "address": "Lissner Hall, Bethel Dr, Arden Hills, Minnesota 55112, United States",
        "name": "Lissner Hall",
        "locationConfidence": 56.97791
      },
      "duration": {
        "startTimestamp": "2015-11-09T15:58:22.991Z",
        "endTimestamp": "2015-11-09T16:04:12.258Z"
      },
      "distance": 315,
      "confidence": "HIGH",
      "activities": [{
        "activityType": "WALKING",
        "probability": 0.0
      }, {
        "activityType": "CYCLING",
        "probability": 0.0
      }, {
        "activityType": "IN_VEHICLE",
        "probability": 0.0
      }],
      "waypointPath": {
        "waypoints": [{
          "latE7": 450578804,
          "lngE7": -931620025
        }, {
          "latE7": 450604972,
          "lngE7": -931609268
        }],
        "source": "BACKFILLED",
        "distanceMeters": 411.39334722272736,
        "travelMode": "WALK",
        "confidence": 1.0
      },
      "editConfirmationStatus": "NOT_CONFIRMED"
    }
  }, {
    "placeVisit": {
      "location": {
        "latitudeE7": 450605222,
        "longitudeE7": -931609145,
        "placeId": "ChIJkSWw5hops1IRQyTh52gXvEc",
        "address": "Lissner Hall, Bethel Dr, Arden Hills, Minnesota 55112, United States",
        "name": "Lissner Hall",
        "locationConfidence": 56.97791
      },
      "duration": {
        "startTimestamp": "2015-11-09T16:04:12.258Z",
        "endTimestamp": "2015-11-09T17:00:43.926Z"
      },
      "centerLatE7": 450608938,
      "centerLngE7": -931612925,
      "visitConfidence": 78,
      "otherCandidateLocations": [{
        "latitudeE7": 450580464,
        "longitudeE7": -931620449,
        "placeId": "ChIJnRSylhAps1IRaa_jeBgT0ZU",
        "address": "3900 Bethel Dr\nArden Hills, MN 55112\nUSA",
        "name": "3900 Bethel Dr",
        "semanticType": "TYPE_WORK",
        "locationConfidence": 38.08325
      }, {
        "latitudeE7": 450578694,
        "longitudeE7": -931605217,
        "placeId": "ChIJb1zMgxAps1IRVrJzfICGzvQ",
        "address": "3900 Bethel Dr\nSt Paul, MN 55112\nUSA",
        "name": "Bethel University",
        "locationConfidence": 4.7089906
      }, {
        "latitudeE7": 450575990,
        "longitudeE7": -931612519,
        "placeId": "ChIJrTImjRYps1IRb77FiFHA1JM",
        "address": "3900 Bethel Dr\nSt Paul, MN 55112\nUSA",
        "name": "US Post Office",
        "locationConfidence": 0.04474522
      }, {
        "latitudeE7": 450603963,
        "longitudeE7": -931634295,
        "placeId": "ChIJqdkMRxops1IRYmJurOu0cgs",
        "address": "Bethel Dr\nArden Hills, MN 55112\nUSA",
        "name": "Recreation Hall",
        "locationConfidence": 0.035763457
      }, {
        "latitudeE7": 450609353,
        "longitudeE7": -931622947,
        "placeId": "ChIJCafiUBops1IRKZe7lpVyRR4",
        "address": "Bethel Dr\nArden Hills, MN 55112\nUSA",
        "name": "Scandia Church",
        "locationConfidence": 0.028012728
      }, {
        "latitudeE7": 450602523,
        "longitudeE7": -931629145,
        "placeId": "ChIJ74YBIQ4ps1IRn58fY4N_nV4",
        "address": "3949 Bethel Dr\nArden Hills, MN 55112\nUSA",
        "name": "Bethel Seminary Library",
        "locationConfidence": 0.014967109
      }, {
        "latitudeE7": 450601644,
        "longitudeE7": -931632724,
        "placeId": "ChIJb1zMgxAps1IRDEoFu4cHH0M",
        "name": "Bethel Seminary",
        "locationConfidence": 0.014716023
      }, {
        "latitudeE7": 450597199,
        "longitudeE7": -931627348,
        "placeId": "ChIJMR_GbRops1IRFTyOEZPkmC8",
        "name": "Admissions Guest Parking Spot",
        "locationConfidence": 0.013720952
      }, {
        "latitudeE7": 450602788,
        "longitudeE7": -931629494,
        "placeId": "ChIJ38K0Qxops1IRJIsrkd9kQIw",
        "address": "3949 Bethel Dr\nArden Hills, MN 55112\nUSA",
        "name": "Lundquist Library",
        "locationConfidence": 0.011162271
      }],
      "editConfirmationStatus": "NOT_CONFIRMED",
      "locationConfidence": 53,
      "placeVisitType": "SINGLE_PLACE",
      "placeVisitImportance": "MAIN"
    }
  }, {
    "activitySegment": {
      "startLocation": {
        "latitudeE7": 450605222,
        "longitudeE7": -931609145,
        "placeId": "ChIJkSWw5hops1IRQyTh52gXvEc",
        "address": "Lissner Hall, Bethel Dr, Arden Hills, Minnesota 55112, United States",
        "name": "Lissner Hall",
        "locationConfidence": 56.97791
      },
      "endLocation": {
        "latitudeE7": 450580464,
        "longitudeE7": -931620449,
        "placeId": "ChIJnRSylhAps1IRaa_jeBgT0ZU",
        "address": "3900 Bethel Drive, Saint Paul, Minnesota 55112, United States",
        "name": "3900 Bethel Dr",
        "semanticType": "TYPE_WORK",
        "locationConfidence": 98.462204
      },
      "duration": {
        "startTimestamp": "2015-11-09T17:00:43.926Z",
        "endTimestamp": "2015-11-09T17:12:40.389Z"
      },
      "distance": 332,
      "confidence": "MEDIUM",
      "activities": [{
        "activityType": "WALKING",
        "probability": 0.0
      }, {
        "activityType": "CYCLING",
        "probability": 0.0
      }, {
        "activityType": "IN_VEHICLE",
        "probability": 0.0
      }],
      "waypointPath": {
        "waypoints": [{
          "latE7": 450604972,
          "lngE7": -931609268
        }, {
          "latE7": 450580329,
          "lngE7": -931619949
        }],
        "source": "BACKFILLED",
        "distanceMeters": 394.0954529151514,
        "travelMode": "WALK",
        "confidence": 0.8875841811418641
      },
      "editConfirmationStatus": "NOT_CONFIRMED"
    }
  }, {
    "placeVisit": {
      "location": {
        "latitudeE7": 450580464,
        "longitudeE7": -931620449,
        "placeId": "ChIJnRSylhAps1IRaa_jeBgT0ZU",
        "address": "3900 Bethel Drive, Saint Paul, Minnesota 55112, United States",
        "name": "3900 Bethel Dr",
        "semanticType": "TYPE_WORK",
        "locationConfidence": 98.462204
      },
      "duration": {
        "startTimestamp": "2015-11-09T17:12:40.389Z",
        "endTimestamp": "2015-11-09T18:43:56.795Z"
      },
      "centerLatE7": 450580909,
      "centerLngE7": -931623712,
      "visitConfidence": 73,
      "otherCandidateLocations": [{
        "latitudeE7": 450578694,
        "longitudeE7": -931605217,
        "placeId": "ChIJb1zMgxAps1IRVrJzfICGzvQ",
        "address": "3900 Bethel Dr\nSt Paul, MN 55112\nUSA",
        "name": "Bethel University",
        "locationConfidence": 1.3187567
      }, {
        "latitudeE7": 450575990,
        "longitudeE7": -931612519,
        "placeId": "ChIJrTImjRYps1IRb77FiFHA1JM",
        "address": "3900 Bethel Dr\nSt Paul, MN 55112\nUSA",
        "name": "US Post Office",
        "locationConfidence": 0.0931553
      }, {
        "latitudeE7": 450585130,
        "longitudeE7": -931624747,
        "placeId": "ChIJTdHJmRAps1IRB86hwOCsy7M",
        "address": "3900 Bethel Dr\nArden Hills, MN 55112\nUSA",
        "name": "The Underground",
        "locationConfidence": 0.036902744
      }, {
        "latitudeE7": 450605222,
        "longitudeE7": -931609145,
        "placeId": "ChIJkSWw5hops1IRQyTh52gXvEc",
        "address": "Bethel Dr\nArden Hills, MN 55112\nUSA",
        "name": "Lissner Hall",
        "locationConfidence": 0.03260867
      }, {
        "latitudeE7": 450584675,
        "longitudeE7": -931624478,
        "placeId": "ChIJnZl0mhAps1IRksXDw23GXMo",
        "address": "3900 Bethel Dr\nArden Hills, MN 55112\nUSA",
        "name": "Brushaber Commons",
        "locationConfidence": 0.013150597
      }, {
        "latitudeE7": 450581509,
        "longitudeE7": -931625094,
        "placeId": "ChIJbbNySDh8kFQRKuCVAXkNJXQ",
        "address": "3900 Bethel Dr\nSt Paul, MN 55112\nUSA",
        "name": "NrGize",
        "locationConfidence": 0.007106534
      }, {
        "latitudeE7": 450581970,
        "longitudeE7": -931625179,
        "placeId": "ChIJcfD8DRAps1IRXZYjjIeIhcE",
        "name": "US Bank",
        "locationConfidence": 0.0064465287
      }, {
        "latitudeE7": 450585115,
        "longitudeE7": -931623485,
        "placeId": "ChIJ8c6NmhAps1IRQJ2d4uHhV9Y",
        "address": "Arden Hills, MN 55112\nUSA",
        "name": "Campus Store",
        "locationConfidence": 0.0042979927
      }, {
        "latitudeE7": 450577856,
        "longitudeE7": -931618589,
        "placeId": "ChIJf9_cdhEps1IRpe568a6N_sY",
        "address": "3900 Bethel Dr\nSt Paul, MN 55112\nUSA",
        "name": "Music In World Cultures Inc",
        "locationConfidence": 0.004185753
      }],
      "editConfirmationStatus": "NOT_CONFIRMED",
      "locationConfidence": 92,
      "placeVisitType": "SINGLE_PLACE",
      "placeVisitImportance": "MAIN"
    }
  }, {
    "activitySegment": {
      "startLocation": {
        "latitudeE7": 450580464,
        "longitudeE7": -931620449,
        "placeId": "ChIJnRSylhAps1IRaa_jeBgT0ZU",
        "address": "3900 Bethel Drive, Saint Paul, Minnesota 55112, United States",
        "name": "3900 Bethel Dr",
        "semanticType": "TYPE_WORK",
        "locationConfidence": 98.462204
      },
      "endLocation": {
        "latitudeE7": 450607053,
        "longitudeE7": -931612011
      },
      "duration": {
        "startTimestamp": "2015-11-09T18:43:56.795Z",
        "endTimestamp": "2015-11-09T18:46:03.047Z"
      },
      "distance": 266,
      "confidence": "LOW",
      "activities": [{
        "activityType": "WALKING",
        "probability": 0.0
      }, {
        "activityType": "CYCLING",
        "probability": 0.0
      }, {
        "activityType": "IN_VEHICLE",
        "probability": 0.0
      }],
      "waypointPath": {
        "waypoints": [{
          "latE7": 450580329,
          "lngE7": -931619949
        }, {
          "latE7": 450605239,
          "lngE7": -931611862
        }],
        "source": "BACKFILLED",
        "distanceMeters": 414.8167310939871,
        "travelMode": "WALK",
        "confidence": 0.9960070032764136
      },
      "editConfirmationStatus": "NOT_CONFIRMED"
    }
  }, {
    "placeVisit": {
      "location": {
        "latitudeE7": 450605222,
        "longitudeE7": -931609145,
        "placeId": "ChIJkSWw5hops1IRQyTh52gXvEc",
        "address": "Lissner Hall, Bethel Dr, Arden Hills, Minnesota 55112, United States",
        "name": "Lissner Hall",
        "locationConfidence": 55.816895
      },
      "duration": {
        "startTimestamp": "2015-11-09T18:46:03.047Z",
        "endTimestamp": "2015-11-09T20:39:41.873Z"
      },
      "centerLatE7": 450608994,
      "centerLngE7": -931613308,
      "visitConfidence": 79,
      "otherCandidateLocations": [{
        "latitudeE7": 450580464,
        "longitudeE7": -931620449,
        "placeId": "ChIJnRSylhAps1IRaa_jeBgT0ZU",
        "address": "3900 Bethel Dr\nArden Hills, MN 55112\nUSA",
        "name": "3900 Bethel Dr",
        "semanticType": "TYPE_WORK",
        "locationConfidence": 37.871685
      }, {
        "latitudeE7": 450578694,
        "longitudeE7": -931605217,
        "placeId": "ChIJb1zMgxAps1IRVrJzfICGzvQ",
        "address": "3900 Bethel Dr\nSt Paul, MN 55112\nUSA",
        "name": "Bethel University",
        "locationConfidence": 6.0633216
      }, {
        "latitudeE7": 450575990,
        "longitudeE7": -931612519,
        "placeId": "ChIJrTImjRYps1IRb77FiFHA1JM",
        "address": "3900 Bethel Dr\nSt Paul, MN 55112\nUSA",
        "name": "US Post Office",
        "locationConfidence": 0.060394842
      }, {
        "latitudeE7": 450609353,
        "longitudeE7": -931622947,
        "placeId": "ChIJCafiUBops1IRKZe7lpVyRR4",
        "address": "Bethel Dr\nArden Hills, MN 55112\nUSA",
        "name": "Scandia Church",
        "locationConfidence": 0.029271996
      }, {
        "latitudeE7": 450603963,
        "longitudeE7": -931634295,
        "placeId": "ChIJqdkMRxops1IRYmJurOu0cgs",
        "address": "Bethel Dr\nArden Hills, MN 55112\nUSA",
        "name": "Recreation Hall",
        "locationConfidence": 0.028320868
      }, {
        "latitudeE7": 450601644,
        "longitudeE7": -931632724,
        "placeId": "ChIJb1zMgxAps1IRDEoFu4cHH0M",
        "name": "Bethel Seminary",
        "locationConfidence": 0.016502917
      }, {
        "latitudeE7": 450602523,
        "longitudeE7": -931629145,
        "placeId": "ChIJ74YBIQ4ps1IRn58fY4N_nV4",
        "address": "3949 Bethel Dr\nArden Hills, MN 55112\nUSA",
        "name": "Bethel Seminary Library",
        "locationConfidence": 0.015991941
      }, {
        "latitudeE7": 450602788,
        "longitudeE7": -931629494,
        "placeId": "ChIJ38K0Qxops1IRJIsrkd9kQIw",
        "address": "3949 Bethel Dr\nArden Hills, MN 55112\nUSA",
        "name": "Lundquist Library",
        "locationConfidence": 0.01267327
      }, {
        "latitudeE7": 450597199,
        "longitudeE7": -931627348,
        "placeId": "ChIJMR_GbRops1IRFTyOEZPkmC8",
        "name": "Admissions Guest Parking Spot",
        "locationConfidence": 0.010181229
      }],
      "editConfirmationStatus": "NOT_CONFIRMED",
      "locationConfidence": 52,
      "placeVisitType": "SINGLE_PLACE",
      "placeVisitImportance": "MAIN"
    }
  }, {
    "activitySegment": {
      "startLocation": {
        "latitudeE7": 450605222,
        "longitudeE7": -931609145,
        "placeId": "ChIJkSWw5hops1IRQyTh52gXvEc",
        "address": "Lissner Hall, Bethel Dr, Arden Hills, Minnesota 55112, United States",
        "name": "Lissner Hall",
        "locationConfidence": 55.816895
      },
      "endLocation": {
        "latitudeE7": 450579478,
        "longitudeE7": -931620688
      },
      "duration": {
        "startTimestamp": "2015-11-09T20:39:41.873Z",
        "endTimestamp": "2015-11-09T20:49:01.103Z"
      },
      "distance": 267,
      "confidence": "MEDIUM",
      "activities": [{
        "activityType": "WALKING",
        "probability": 0.0
      }, {
        "activityType": "CYCLING",
        "probability": 0.0
      }, {
        "activityType": "IN_VEHICLE",
        "probability": 0.0
      }],
      "waypointPath": {
        "waypoints": [{
          "latE7": 450604972,
          "lngE7": -931609268
        }, {
          "latE7": 450579528,
          "lngE7": -931620178
        }],
        "source": "BACKFILLED",
        "distanceMeters": 403.23146678561113,
        "travelMode": "WALK",
        "confidence": 0.8199142922282797
      },
      "editConfirmationStatus": "NOT_CONFIRMED"
    }
  }, {
    "activitySegment": {
      "startLocation": {
        "latitudeE7": 450584084,
        "longitudeE7": -931619249
      },
      "endLocation": {
        "latitudeE7": 450575743,
        "longitudeE7": -931621855
      },
      "duration": {
        "startTimestamp": "2015-11-09T20:49:01.103Z",
        "endTimestamp": "2015-11-09T20:50:38.783Z"
      },
      "distance": 94,
      "confidence": "MEDIUM",
      "activities": [{
        "activityType": "IN_PASSENGER_VEHICLE",
        "probability": 0.0
      }, {
        "activityType": "IN_VEHICLE",
        "probability": 0.0
      }, {
        "activityType": "FLYING",
        "probability": 0.0
      }],
      "waypointPath": {
        "waypoints": [{
          "latE7": 450588455,
          "lngE7": -931619720
        }, {
          "latE7": 450573921,
          "lngE7": -931620025
        }],
        "source": "BACKFILLED",
        "distanceMeters": 916.3481331074257,
        "travelMode": "DRIVE",
        "confidence": 0.0
      },
      "editConfirmationStatus": "NOT_CONFIRMED"
    }
  }, {
    "placeVisit": {
      "location": {
        "latitudeE7": 450580464,
        "longitudeE7": -931620449,
        "placeId": "ChIJnRSylhAps1IRaa_jeBgT0ZU",
        "address": "3900 Bethel Drive, Saint Paul, Minnesota 55112, United States",
        "name": "3900 Bethel Dr",
        "semanticType": "TYPE_WORK",
        "locationConfidence": 97.25372
      },
      "duration": {
        "startTimestamp": "2015-11-09T20:50:38.783Z",
        "endTimestamp": "2015-11-09T22:04:48.954Z"
      },
      "centerLatE7": 450576521,
      "centerLngE7": -931621321,
      "visitConfidence": 78,
      "otherCandidateLocations": [{
        "latitudeE7": 450578694,
        "longitudeE7": -931605217,
        "placeId": "ChIJb1zMgxAps1IRVrJzfICGzvQ",
        "address": "3900 Bethel Dr\nSt Paul, MN 55112\nUSA",
        "name": "Bethel University",
        "locationConfidence": 2.5589507
      }, {
        "latitudeE7": 450575990,
        "longitudeE7": -931612519,
        "placeId": "ChIJrTImjRYps1IRb77FiFHA1JM",
        "address": "3900 Bethel Dr\nSt Paul, MN 55112\nUSA",
        "name": "US Post Office",
        "locationConfidence": 0.13484016
      }, {
        "latitudeE7": 450576907,
        "longitudeE7": -931623325,
        "placeId": "ChIJP7la7BAps1IRgeJRmpJ2QAk",
        "name": "Academic Center",
        "locationConfidence": 0.006437989
      }, {
        "latitudeE7": 450585130,
        "longitudeE7": -931624747,
        "placeId": "ChIJTdHJmRAps1IRB86hwOCsy7M",
        "address": "3900 Bethel Dr\nArden Hills, MN 55112\nUSA",
        "name": "The Underground",
        "locationConfidence": 0.0058017294
      }, {
        "latitudeE7": 450578252,
        "longitudeE7": -931605917,
        "placeId": "ChIJwzFrQBAps1IRDzBTLoMOE3c",
        "address": "Bethel Dr\nArden Hills, MN 55112\nUSA",
        "name": "Robertson Center",
        "locationConfidence": 0.0051219137
      }, {
        "latitudeE7": 450574915,
        "longitudeE7": -931612361,
        "placeId": "ChIJldB2XhAps1IRn7fhaIqqtSk",
        "address": "3900 Bethel Dr\nArden Hills, MN 55112\nUSA",
        "name": "Bethel University Library",
        "locationConfidence": 0.004978701
      }, {
        "latitudeE7": 450581509,
        "longitudeE7": -931625094,
        "placeId": "ChIJbbNySDh8kFQRKuCVAXkNJXQ",
        "address": "3900 Bethel Dr\nSt Paul, MN 55112\nUSA",
        "name": "NrGize",
        "locationConfidence": 0.0044690026
      }, {
        "latitudeE7": 450577856,
        "longitudeE7": -931618589,
        "placeId": "ChIJf9_cdhEps1IRpe568a6N_sY",
        "address": "3900 Bethel Dr\nSt Paul, MN 55112\nUSA",
        "name": "Music In World Cultures Inc",
        "locationConfidence": 0.00438791
      }, {
        "latitudeE7": 450577856,
        "longitudeE7": -931618589,
        "placeId": "ChIJf9_cdhEps1IRy-yzhsuU9xY",
        "address": "3900 Bethel Dr\nSt Paul, MN 55112\nUSA",
        "name": "Peter Jankowski, PHD",
        "locationConfidence": 0.0027857232
      }],
      "editConfirmationStatus": "NOT_CONFIRMED",
      "locationConfidence": 92,
      "placeVisitType": "SINGLE_PLACE",
      "placeVisitImportance": "MAIN"
    }
  }, {
    "activitySegment": {
      "startLocation": {
        "latitudeE7": 450580464,
        "longitudeE7": -931620449,
        "placeId": "ChIJnRSylhAps1IRaa_jeBgT0ZU",
        "address": "3900 Bethel Drive, Saint Paul, Minnesota 55112, United States",
        "name": "3900 Bethel Dr",
        "semanticType": "TYPE_WORK",
        "locationConfidence": 97.25372
      },
      "endLocation": {
        "latitudeE7": 450580464,
        "longitudeE7": -931620449,
        "placeId": "ChIJnRSylhAps1IRaa_jeBgT0ZU",
        "address": "3900 Bethel Drive, Saint Paul, Minnesota 55112, United States",
        "name": "3900 Bethel Dr",
        "semanticType": "TYPE_WORK",
        "locationConfidence": 98.80069
      },
      "duration": {
        "startTimestamp": "2015-11-09T22:04:48.954Z",
        "endTimestamp": "2015-11-09T22:15:43.773Z"
      },
      "confidence": "LOW",
      "activities": [{
        "activityType": "WALKING",
        "probability": 0.0
      }, {
        "activityType": "IN_VEHICLE",
        "probability": 0.0
      }, {
        "activityType": "CYCLING",
        "probability": 0.0
      }],
      "waypointPath": {
        "waypoints": [{
          "latE7": 450584182,
          "lngE7": -931617965
        }, {
          "latE7": 450593605,
          "lngE7": -931618652
        }, {
          "latE7": 450612716,
          "lngE7": -931610641
        }],
        "source": "BACKFILLED",
        "distanceMeters": 553.4199863508219,
        "travelMode": "WALK",
        "confidence": 0.968629776134703
      },
      "simplifiedRawPath": {
        "points": [{
          "latE7": 450593224,
          "lngE7": -931618805,
          "accuracyMeters": 27,
          "timestamp": "2015-11-09T22:06:41.193Z"
        }]
      },
      "editConfirmationStatus": "NOT_CONFIRMED"
    }
  }, {
    "placeVisit": {
      "location": {
        "latitudeE7": 450580464,
        "longitudeE7": -931620449,
        "placeId": "ChIJnRSylhAps1IRaa_jeBgT0ZU",
        "address": "3900 Bethel Drive, Saint Paul, Minnesota 55112, United States",
        "name": "3900 Bethel Dr",
        "semanticType": "TYPE_WORK",
        "locationConfidence": 98.79942
      },
      "duration": {
        "startTimestamp": "2015-11-09T22:15:43.773Z",
        "endTimestamp": "2015-11-10T04:08:11.280Z"
      },
      "centerLatE7": 450573734,
      "centerLngE7": -931619230,
      "visitConfidence": 82,
      "otherCandidateLocations": [{
        "latitudeE7": 450578694,
        "longitudeE7": -931605217,
        "placeId": "ChIJb1zMgxAps1IRVrJzfICGzvQ",
        "address": "3900 Bethel Dr\nSt Paul, MN 55112\nUSA",
        "name": "Bethel University",
        "locationConfidence": 1.097429
      }, {
        "latitudeE7": 450575990,
        "longitudeE7": -931612519,
        "placeId": "ChIJrTImjRYps1IRb77FiFHA1JM",
        "address": "3900 Bethel Dr\nSt Paul, MN 55112\nUSA",
        "name": "US Post Office",
        "locationConfidence": 0.054888386
      }, {
        "latitudeE7": 450578252,
        "longitudeE7": -931605917,
        "placeId": "ChIJwzFrQBAps1IRDzBTLoMOE3c",
        "address": "Bethel Dr\nArden Hills, MN 55112\nUSA",
        "name": "Robertson Center",
        "locationConfidence": 0.008697023
      }, {
        "latitudeE7": 450564758,
        "longitudeE7": -931609173,
        "placeId": "ChIJl_curBEps1IR8qhm02KFGhI",
        "address": "3900 Bethel Dr\nSt Paul, MN 55112\nUSA",
        "name": "Edgren Hall",
        "locationConfidence": 0.0038103457
      }, {
        "latitudeE7": 450581509,
        "longitudeE7": -931625094,
        "placeId": "ChIJbbNySDh8kFQRKuCVAXkNJXQ",
        "address": "3900 Bethel Dr\nSt Paul, MN 55112\nUSA",
        "name": "NrGize",
        "locationConfidence": 0.003808189
      }, {
        "latitudeE7": 450585130,
        "longitudeE7": -931624747,
        "placeId": "ChIJTdHJmRAps1IRB86hwOCsy7M",
        "address": "3900 Bethel Dr\nArden Hills, MN 55112\nUSA",
        "name": "The Underground",
        "locationConfidence": 0.0037258365
      }, {
        "latitudeE7": 450574915,
        "longitudeE7": -931612361,
        "placeId": "ChIJldB2XhAps1IRn7fhaIqqtSk",
        "address": "3900 Bethel Dr\nArden Hills, MN 55112\nUSA",
        "name": "Bethel University Library",
        "locationConfidence": 0.0034663961
      }, {
        "latitudeE7": 450576907,
        "longitudeE7": -931623325,
        "placeId": "ChIJP7la7BAps1IRgeJRmpJ2QAk",
        "name": "Academic Center",
        "locationConfidence": 0.0021565487
      }, {
        "latitudeE7": 450584675,
        "longitudeE7": -931624478,
        "placeId": "ChIJnZl0mhAps1IRksXDw23GXMo",
        "address": "3900 Bethel Dr\nArden Hills, MN 55112\nUSA",
        "name": "Brushaber Commons",
        "locationConfidence": 0.0019272824
      }],
      "editConfirmationStatus": "NOT_CONFIRMED",
      "locationConfidence": 92,
      "placeVisitType": "SINGLE_PLACE",
      "placeVisitImportance": "MAIN"
    }
  }, {
    "activitySegment": {
      "startLocation": {
        "latitudeE7": 450577042,
        "longitudeE7": -931625699
      },
      "endLocation": {
        "latitudeE7": 450609420,
        "longitudeE7": -931613565
      },
      "duration": {
        "startTimestamp": "2015-11-10T04:08:11.280Z",
        "endTimestamp": "2015-11-10T04:12:41.884Z"
      },
      "distance": 372,
      "confidence": "MEDIUM",
      "activities": [{
        "activityType": "WALKING",
        "probability": 0.0
      }, {
        "activityType": "CYCLING",
        "probability": 0.0
      }, {
        "activityType": "IN_VEHICLE",
        "probability": 0.0
      }],
      "waypointPath": {
        "waypoints": [{
          "latE7": 450575866,
          "lngE7": -931627883
        }, {
          "latE7": 450612716,
          "lngE7": -931610641
        }],
        "source": "BACKFILLED",
        "distanceMeters": 793.3338309052183,
        "travelMode": "WALK",
        "confidence": 1.0
      },
      "editConfirmationStatus": "NOT_CONFIRMED"
    }
  }, {
    "placeVisit": {
      "location": {
        "latitudeE7": 450605222,
        "longitudeE7": -931609145,
        "placeId": "ChIJkSWw5hops1IRQyTh52gXvEc",
        "address": "Lissner Hall, Bethel Dr, Arden Hills, Minnesota 55112, United States",
        "name": "Lissner Hall",
        "locationConfidence": 60.66154
      },
      "duration": {
        "startTimestamp": "2015-11-10T04:12:41.884Z",
        "endTimestamp": "2015-11-10T06:21:35.674Z"
      },
      "centerLatE7": 450609051,
      "centerLngE7": -931613129,
      "visitConfidence": 79,
      "otherCandidateLocations": [{
        "latitudeE7": 450580464,
        "longitudeE7": -931620449,
        "placeId": "ChIJnRSylhAps1IRaa_jeBgT0ZU",
        "address": "3900 Bethel Dr\nArden Hills, MN 55112\nUSA",
        "name": "3900 Bethel Dr",
        "semanticType": "TYPE_WORK",
        "locationConfidence": 37.34643
      }, {
        "latitudeE7": 450578694,
        "longitudeE7": -931605217,
        "placeId": "ChIJb1zMgxAps1IRVrJzfICGzvQ",
        "address": "3900 Bethel Dr\nSt Paul, MN 55112\nUSA",
        "name": "Bethel University",
        "locationConfidence": 1.7809206
      }, {
        "latitudeE7": 450609353,
        "longitudeE7": -931622947,
        "placeId": "ChIJCafiUBops1IRKZe7lpVyRR4",
        "address": "Bethel Dr\nArden Hills, MN 55112\nUSA",
        "name": "Scandia Church",
        "locationConfidence": 0.06224205
      }, {
        "latitudeE7": 450603963,
        "longitudeE7": -931634295,
        "placeId": "ChIJqdkMRxops1IRYmJurOu0cgs",
        "address": "Bethel Dr\nArden Hills, MN 55112\nUSA",
        "name": "Recreation Hall",
        "locationConfidence": 0.027761737
      }, {
        "latitudeE7": 450575990,
        "longitudeE7": -931612519,
        "placeId": "ChIJrTImjRYps1IRb77FiFHA1JM",
        "address": "3900 Bethel Dr\nSt Paul, MN 55112\nUSA",
        "name": "US Post Office",
        "locationConfidence": 0.018468365
      }, {
        "latitudeE7": 450601644,
        "longitudeE7": -931632724,
        "placeId": "ChIJb1zMgxAps1IRDEoFu4cHH0M",
        "name": "Bethel Seminary",
        "locationConfidence": 0.017062224
      }, {
        "latitudeE7": 450602788,
        "longitudeE7": -931629494,
        "placeId": "ChIJ38K0Qxops1IRJIsrkd9kQIw",
        "address": "3949 Bethel Dr\nArden Hills, MN 55112\nUSA",
        "name": "Lundquist Library",
        "locationConfidence": 0.012610298
      }, {
        "latitudeE7": 450599283,
        "longitudeE7": -931636441,
        "placeId": "ChIJ7altFhops1IRtCUrI6B-6_E",
        "address": "2 Pine Tree Dr\nArden Hills, MN 55112\nUSA",
        "name": "Seminary Chapel",
        "locationConfidence": 0.0075683156
      }, {
        "latitudeE7": 450597133,
        "longitudeE7": -931634121,
        "placeId": "ChIJi_YCERops1IRzmvhSEV-j4k",
        "address": "2 Pine Tree Dr\nArden Hills, MN 55112\nUSA",
        "name": "Seminary Campus Center",
        "locationConfidence": 0.0074382806
      }],
      "editConfirmationStatus": "NOT_CONFIRMED",
      "locationConfidence": 56,
      "placeVisitType": "SINGLE_PLACE",
      "placeVisitImportance": "MAIN"
    }
  }, {
    "activitySegment": {
      "startLocation": {
        "latitudeE7": 450605222,
        "longitudeE7": -931609145
      },
      "endLocation": {
        "latitudeE7": 450578694,
        "longitudeE7": -931605217
      },
      "duration": {
        "startTimestamp": "2015-11-10T06:21:35.674Z",
        "endTimestamp": "2015-11-10T06:55:23.383Z"
      },
      "distance": 296,
      "confidence": "HIGH",
      "activities": [{
        "activityType": "WALKING",
        "probability": 0.0
      }, {
        "activityType": "CYCLING",
        "probability": 0.0
      }, {
        "activityType": "IN_VEHICLE",
        "probability": 0.0
      }],
      "waypointPath": {
        "waypoints": [{
          "latE7": 450604972,
          "lngE7": -931609268
        }, {
          "latE7": 450605201,
          "lngE7": -931612472
        }, {
          "latE7": 450577545,
          "lngE7": -931603088
        }],
        "source": "BACKFILLED",
        "distanceMeters": 436.479874501238,
        "travelMode": "WALK",
        "confidence": 0.9219328622044304
      },
      "simplifiedRawPath": {
        "points": [{
          "latE7": 450609245,
          "lngE7": -931613235,
          "accuracyMeters": 20,
          "timestamp": "2015-11-10T06:41:18.421Z"
        }]
      },
      "editConfirmationStatus": "NOT_CONFIRMED"
    }
  }, {
    "placeVisit": {
      "location": {
        "latitudeE7": 450578694,
        "longitudeE7": -931605217,
        "placeId": "ChIJb1zMgxAps1IRVrJzfICGzvQ",
        "address": "3900 Bethel Drive, Saint Paul, Minnesota 55112, United States",
        "name": "Bethel University",
        "locationConfidence": 97.65145
      },
      "duration": {
        "startTimestamp": "2015-11-10T06:55:23.383Z",
        "endTimestamp": "2015-11-10T07:02:06.225Z"
      },
      "centerLatE7": 450627500,
      "centerLngE7": -931670000,
      "visitConfidence": 76,
      "otherCandidateLocations": [{
        "latitudeE7": 450630202,
        "longitudeE7": -931648068,
        "placeId": "ChIJc_uFUBkps1IR4cJ6886-vXk",
        "address": "4051 Bethel Dr\nArden Hills, MN 55112\nUSA",
        "name": "Danielson Hall",
        "locationConfidence": 0.67511475
      }, {
        "latitudeE7": 450623591,
        "longitudeE7": -931649637,
        "placeId": "ChIJf9_cdhEps1IRywjIfrUi4Zw",
        "address": "4021 Bethel Dr\nSt Paul, MN 55112\nUSA",
        "name": "Bethel University Child Development Center",
        "locationConfidence": 0.40440345
      }, {
        "latitudeE7": 450601644,
        "longitudeE7": -931632724,
        "placeId": "ChIJb1zMgxAps1IRDEoFu4cHH0M",
        "name": "Bethel Seminary",
        "locationConfidence": 0.3966908
      }, {
        "latitudeE7": 450626679,
        "longitudeE7": -931656718,
        "placeId": "ChIJOYRiQBkps1IRThs_hMnbBAM",
        "address": "4031 Bethel Dr\nArden Hills, MN 55112\nUSA",
        "name": "Widen Hall",
        "locationConfidence": 0.2688321
      }, {
        "latitudeE7": 450630949,
        "longitudeE7": -931656856,
        "placeId": "ChIJ-0OSSBkps1IRzO51K48g2Dg",
        "address": "Arden Hills, MN 55112\nUSA",
        "name": "Weissman Hall",
        "locationConfidence": 0.2084846
      }, {
        "latitudeE7": 450632034,
        "longitudeE7": -931642255,
        "placeId": "ChIJk0C2_Rsps1IRfbMnVmefIuo",
        "name": "Turnwall Hall",
        "locationConfidence": 0.18626654
      }, {
        "latitudeE7": 450623543,
        "longitudeE7": -931649476,
        "placeId": "ChIJEc1FZhkps1IRucqJUSlzTSM",
        "address": "Bethel Dr\nArden Hills, MN 55112\nUSA",
        "name": "Wingblade Hall",
        "locationConfidence": 0.12575851
      }, {
        "latitudeE7": 450597199,
        "longitudeE7": -931627348,
        "placeId": "ChIJMR_GbRops1IRFTyOEZPkmC8",
        "name": "Admissions Guest Parking Spot",
        "locationConfidence": 0.08300031
      }],
      "editConfirmationStatus": "NOT_CONFIRMED",
      "locationConfidence": 86,
      "placeVisitType": "SINGLE_PLACE",
      "placeVisitImportance": "MAIN"
    }
  }, {
    "activitySegment": {
      "startLocation": {
        "latitudeE7": 450578694,
        "longitudeE7": -931605217
      },
      "endLocation": {
        "latitudeE7": 450564600,
        "longitudeE7": -931439610
      },
      "duration": {
        "startTimestamp": "2015-11-10T07:02:06.225Z",
        "endTimestamp": "2015-11-10T14:39:20.182Z"
      },
      "distance": 1310,
      "confidence": "MEDIUM",
      "activities": [{
        "activityType": "IN_PASSENGER_VEHICLE",
        "probability": 0.0
      }, {
        "activityType": "IN_VEHICLE",
        "probability": 0.0
      }, {
        "activityType": "WALKING",
        "probability": 0.0
      }],
      "waypointPath": {
        "waypoints": [{
          "latE7": 450579414,
          "lngE7": -931600418
        }, {
          "latE7": 450564765,
          "lngE7": -931433029
        }],
        "source": "BACKFILLED",
        "distanceMeters": 3119.6110335021385,
        "travelMode": "DRIVE",
        "confidence": 0.0
      },
      "editConfirmationStatus": "NOT_CONFIRMED"
    }
  }, {
    "placeVisit": {
      "location": {
        "latitudeE7": 450563236,
        "longitudeE7": -931439824,
        "placeId": "ChIJZdQY7aYps1IRIJb51faU2R4",
        "address": "3800 Lexington Avenue North, Shoreview, Minnesota 55126, United States",
        "name": "Target",
        "locationConfidence": 16.47229
      },
      "duration": {
        "startTimestamp": "2015-11-10T14:39:20.182Z",
        "endTimestamp": "2015-11-10T15:40:22.013Z"
      },
      "centerLatE7": 450585657,
      "centerLngE7": -931472800,
      "visitConfidence": 72,
      "otherCandidateLocations": [{
        "latitudeE7": 450579276,
        "longitudeE7": -931478860,
        "placeId": "ChIJERkOlKcps1IRP9jpRqsioCU",
        "address": "3855 North Lexington Ave N\nArden Hills, MN 55126\nUSA",
        "name": "Perkins",
        "locationConfidence": 11.753006
      }, {
        "latitudeE7": 450577210,
        "longitudeE7": -931466710,
        "placeId": "ChIJIfL_sacps1IRVoQsBtWFcM0",
        "address": "3854 Lexington Ave N\nShoreview, MN 55126\nUSA",
        "name": "Exxon",
        "locationConfidence": 9.754878
      }, {
        "latitudeE7": 450563236,
        "longitudeE7": -931439824,
        "placeId": "ChIJZdQY7aYps1IRIJb51faU2R4",
        "address": "3800 Lexington Ave N\nShoreview, MN 55126\nUSA",
        "name": "Target",
        "locationConfidence": 8.711613
      }, {
        "latitudeE7": 450579220,
        "longitudeE7": -931446540,
        "placeId": "ChIJIVyXaKYps1IRd15pP-ssctg",
        "address": "1041 Red Fox Rd\nShoreview, MN 55126\nUSA",
        "name": "Trader Joe\u0027s",
        "locationConfidence": 8.661543
      }, {
        "latitudeE7": 450579598,
        "longitudeE7": -931487014,
        "placeId": "ChIJW8WBiacps1IRDDZcyBay6oY",
        "address": "1125 Red Fox Rd\nArden Hills, MN 55112\nUSA",
        "name": "Quality Inn \u0026 Suites Arden Hills - Saint Paul North",
        "locationConfidence": 4.680653
      }, {
        "latitudeE7": 450564600,
        "longitudeE7": -931439610,
        "placeId": "ChIJLxIAkaYps1IR1cbKymThonQ",
        "address": "3800 Lexington Ave N\nShoreview, MN 55126\nUSA",
        "name": "Target Pharmacy",
        "locationConfidence": 3.189398
      }, {
        "latitudeE7": 450586477,
        "longitudeE7": -931495491,
        "placeId": "ChIJbWUDOA8ps1IRGeUz_WvGRu0",
        "address": "4000 Lexington Ave N #200\nShoreview, MN 55126\nUSA",
        "name": "Aerotek",
        "locationConfidence": 3.0109155
      }, {
        "latitudeE7": 450577092,
        "longitudeE7": -931473175,
        "placeId": "ChIJ8xhipKcps1IRYDCL9TXu5Kk",
        "address": "Arden Hills, MN 55112\nUSA",
        "name": "Lexington Ave \u0026 Red Fox Rd",
        "locationConfidence": 2.559763
      }, {
        "latitudeE7": 450570873,
        "longitudeE7": -931477385,
        "placeId": "ChIJG9Ledacps1IRuWxTHSxWV-U",
        "address": "3833 Lexington Ave N #13\nArden Hills, MN 55126\nUSA",
        "name": "GNC",
        "locationConfidence": 2.0684552
      }],
      "editConfirmationStatus": "NOT_CONFIRMED",
      "locationConfidence": 20,
      "placeVisitType": "SINGLE_PLACE",
      "placeVisitImportance": "MAIN"
    }
  }, {
    "activitySegment": {
      "startLocation": {
        "latitudeE7": 450564600,
        "longitudeE7": -931439610
      },
      "endLocation": {
        "latitudeE7": 450578694,
        "longitudeE7": -931605217
      },
      "duration": {
        "startTimestamp": "2015-11-10T15:40:22.013Z",
        "endTimestamp": "2015-11-10T15:49:52.101Z"
      },
      "distance": 1310,
      "confidence": "MEDIUM",
      "activities": [{
        "activityType": "IN_PASSENGER_VEHICLE",
        "probability": 0.0
      }, {
        "activityType": "IN_VEHICLE",
        "probability": 0.0
      }, {
        "activityType": "WALKING",
        "probability": 0.0
      }],
      "waypointPath": {
        "waypoints": [{
          "latE7": 450564765,
          "lngE7": -931433029
        }, {
          "latE7": 450579414,
          "lngE7": -931600418
        }],
        "source": "BACKFILLED",
        "distanceMeters": 3533.6396314573826,
        "travelMode": "DRIVE",
        "confidence": 0.0
      },
      "editConfirmationStatus": "NOT_CONFIRMED"
    }
  }, {
    "placeVisit": {
      "location": {
        "latitudeE7": 450578694,
        "longitudeE7": -931605217,
        "placeId": "ChIJb1zMgxAps1IRVrJzfICGzvQ",
        "address": "3900 Bethel Drive, Saint Paul, Minnesota 55112, United States",
        "name": "Bethel University",
        "locationConfidence": 98.92075
      },
      "duration": {
        "startTimestamp": "2015-11-10T15:49:52.101Z",
        "endTimestamp": "2015-11-10T16:38:02.205Z"
      },
      "centerLatE7": 450586560,
      "centerLngE7": -931632064,
      "visitConfidence": 66,
      "otherCandidateLocations": [{
        "latitudeE7": 450630202,
        "longitudeE7": -931648068,
        "placeId": "ChIJc_uFUBkps1IR4cJ6886-vXk",
        "address": "4051 Bethel Dr\nArden Hills, MN 55112\nUSA",
        "name": "Danielson Hall",
        "locationConfidence": 0.36597374
      }, {
        "latitudeE7": 450623591,
        "longitudeE7": -931649637,
        "placeId": "ChIJf9_cdhEps1IRywjIfrUi4Zw",
        "address": "4021 Bethel Dr\nSt Paul, MN 55112\nUSA",
        "name": "Bethel University Child Development Center",
        "locationConfidence": 0.13903253
      }, {
        "latitudeE7": 450601644,
        "longitudeE7": -931632724,
        "placeId": "ChIJb1zMgxAps1IRDEoFu4cHH0M",
        "name": "Bethel Seminary",
        "locationConfidence": 0.12383389
      }, {
        "latitudeE7": 450630949,
        "longitudeE7": -931656856,
        "placeId": "ChIJ-0OSSBkps1IRzO51K48g2Dg",
        "address": "Arden Hills, MN 55112\nUSA",
        "name": "Weissman Hall",
        "locationConfidence": 0.11595079
      }, {
        "latitudeE7": 450626679,
        "longitudeE7": -931656718,
        "placeId": "ChIJOYRiQBkps1IRThs_hMnbBAM",
        "address": "4031 Bethel Dr\nArden Hills, MN 55112\nUSA",
        "name": "Widen Hall",
        "locationConfidence": 0.09377491
      }, {
        "latitudeE7": 450597199,
        "longitudeE7": -931627348,
        "placeId": "ChIJMR_GbRops1IRFTyOEZPkmC8",
        "name": "Admissions Guest Parking Spot",
        "locationConfidence": 0.08407917
      }, {
        "latitudeE7": 450632034,
        "longitudeE7": -931642255,
        "placeId": "ChIJk0C2_Rsps1IRfbMnVmefIuo",
        "name": "Turnwall Hall",
        "locationConfidence": 0.07910745
      }, {
        "latitudeE7": 450623543,
        "longitudeE7": -931649476,
        "placeId": "ChIJEc1FZhkps1IRucqJUSlzTSM",
        "address": "Bethel Dr\nArden Hills, MN 55112\nUSA",
        "name": "Wingblade Hall",
        "locationConfidence": 0.0432654
      }, {
        "latitudeE7": 450623598,
        "longitudeE7": -931627631,
        "placeId": "ChIJ9Qv7vBsps1IR9LZJiLklkNI",
        "address": "4000 Bethel Dr\nSt Paul, MN 55112\nUSA",
        "name": "Chalberg Hall",
        "locationConfidence": 0.034231573
      }],
      "editConfirmationStatus": "NOT_CONFIRMED",
      "locationConfidence": 87,
      "placeVisitType": "SINGLE_PLACE",
      "placeVisitImportance": "MAIN"
    }
  }]
}