{
  "timelineObjects": [{
    "activitySegment": {
      "startLocation": {
      },
      "endLocation": {
      },
      "duration": {
        "startTimestamp": "2015-06-01T00:19:17.853Z",
        "endTimestamp": "2015-06-01T00:34:57.361Z"
      },
      "confidence": "MEDIUM",
      "activities": [{
        "activityType": "IN_VEHICLE",
        "probability": 0.0
      }, {
        "activityType": "WALKING",
        "probability": 0.0
      }, {
        "activityType": "CYCLING",
        "probability": 0.0
      }],
      "waypointPath": {
        "waypoints": [{
          "latE7": 336513824,
          "lngE7": -789835662
        }, {
          "latE7": 336216278,
          "lngE7": -790021286
        }, {
          "latE7": 335785903,
          "lngE7": -789990921
        }, {
          "latE7": 335780258,
          "lngE7": -789994735
        }, {
          "latE7": 335779380,
          "lngE7": -789977188
        }],
        "source": "BACKFILLED",
        "distanceMeters": 10804.021652535152,
        "travelMode": "DRIVE",
        "confidence": 0.9985052244589223
      },
      "simplifiedRawPath": {
        "points": [{
          "latE7": 336216431,
          "lngE7": -790021667,
          "accuracyMeters": 43,
          "timestamp": "2015-06-01T00:26:43.801Z"
        }, {
          "latE7": 335788422,
          "lngE7": -789986343,
          "accuracyMeters": 77,
          "timestamp": "2015-06-01T00:36:03.070Z"
        }, {
          "latE7": 335779724,
          "lngE7": -789993591,
          "accuracyMeters": 40,
          "timestamp": "2015-06-01T00:38:04.109Z"
        }]
      },
      "editConfirmationStatus": "NOT_CONFIRMED"
    }
  }, {
    "placeVisit": {
      "location": {
        "latitudeE7": 335777828,
        "longitudeE7": -789983349,
        "placeId": "ChIJKZC3w7VAAIkRvdwWx4xns1Q",
        "address": "131 North Waccamaw Drive, Murrells Inlet, SC 29576, United States",
        "name": "Beach Realty",
        "locationConfidence": 38.758263,
        "isCurrentLocation": true
      },
      "duration": {
        "startTimestamp": "2015-06-01T00:34:57.361Z",
        "endTimestamp": "2015-06-01T04:24:31.139Z"
      },
      "centerLatE7": 335779590,
      "centerLngE7": -789982705,
      "visitConfidence": 72,
      "otherCandidateLocations": [{
        "latitudeE7": 335776560,
        "longitudeE7": -789993590,
        "placeId": "ChIJ_8JozbVAAIkRXU0Risk0_bk",
        "address": "128 Atlantic Ave, Murrells Inlet, SC 29576, USA",
        "name": "Dunes Realty Vacation Rentals",
        "locationConfidence": 14.455477
      }, {
        "latitudeE7": 335769070,
        "longitudeE7": -789989389,
        "placeId": "ChIJPy3Yt7VAAIkR5Var8zwmBJ8",
        "address": "103 Atlantic Ave, Murrells Inlet, SC 29576, USA",
        "name": "Garden City Pavilion Arcade",
        "locationConfidence": 11.179911
      }, {
        "latitudeE7": 335766714,
        "longitudeE7": -789985376,
        "placeId": "ChIJZe_ruLVAAIkRjy0pTdTzXVU",
        "address": "110 S Waccamaw Dr, Murrells Inlet, SC 29576, USA",
        "name": "The Pier At Garden City",
        "locationConfidence": 10.696085
      }, {
        "latitudeE7": 335781029,
        "longitudeE7": -789998843,
        "placeId": "ChIJ1Xu_prZAAIkRL2a8PnWhZRE",
        "address": "312 Reindeer Moss Ct, Myrtle Beach, SC 29588, USA",
        "name": "Woodys Rentals",
        "locationConfidence": 4.022495
      }, {
        "latitudeE7": 335769445,
        "longitudeE7": -789980925,
        "placeId": "ChIJuQ-hwbVAAIkRXx0JQcCRvr0",
        "address": "100 N Waccamaw Dr, Murrells Inlet, SC 29576, USA",
        "name": "Kingfisher Inn",
        "locationConfidence": 3.7972238
      }, {
        "latitudeE7": 335776730,
        "longitudeE7": -789991444,
        "placeId": "ChIJQcCJ0bVAAIkRQWErewlq9KE",
        "address": "120 Atlantic Ave, Murrells Inlet, SC 29576, USA",
        "name": "Garden City Beach Bar \u0026 Grill",
        "locationConfidence": 3.4976811
      }, {
        "latitudeE7": 335768164,
        "longitudeE7": -789988171,
        "placeId": "ChIJlcUfuLVAAIkRP5E5R4N0Es4",
        "address": "101 Atlantic Ave, Murrells Inlet, SC 29576, USA",
        "name": "Sam\u0027s Corner",
        "locationConfidence": 3.034448
      }, {
        "latitudeE7": 335770356,
        "longitudeE7": -789981131,
        "placeId": "ChIJn79wwbVAAIkR8D0D1LVCg8g",
        "name": "Your ATM.Com Inc.",
        "locationConfidence": 1.0301367
      }, {
        "latitudeE7": 335778076,
        "longitudeE7": -790007403,
        "placeId": "ChIJyTvAC7FAAIkRaVEdS3Cx1uk",
        "address": "215 Atlantic Ave, Murrells Inlet, SC 29576, USA",
        "name": "Seawatch Inn At the Landing",
        "locationConfidence": 0.9924693
      }],
      "editConfirmationStatus": "NOT_CONFIRMED",
      "locationConfidence": 38,
      "placeVisitType": "SINGLE_PLACE",
      "placeVisitImportance": "MAIN"
    }
  }, {
    "activitySegment": {
      "startLocation": {
      },
      "endLocation": {
      },
      "duration": {
        "startTimestamp": "2015-06-01T04:24:31.139Z",
        "endTimestamp": "2015-06-01T16:46:35.572Z"
      },
      "distance": 662,
      "confidence": "UNKNOWN_CONFIDENCE",
      "activities": [{
        "activityType": "UNKNOWN_ACTIVITY_TYPE",
        "probability": 0.0
      }],
      "editConfirmationStatus": "NOT_CONFIRMED"
    }
  }, {
    "activitySegment": {
      "startLocation": {
      },
      "endLocation": {
      },
      "duration": {
        "startTimestamp": "2015-06-01T21:28:05.583Z",
        "endTimestamp": "2015-06-01T21:37:15.067Z"
      },
      "distance": 165,
      "confidence": "UNKNOWN_CONFIDENCE",
      "activities": [{
        "activityType": "UNKNOWN_ACTIVITY_TYPE",
        "probability": 0.0
      }],
      "editConfirmationStatus": "NOT_CONFIRMED"
    }
  }, {
    "activitySegment": {
      "startLocation": {
      },
      "endLocation": {
      },
      "duration": {
        "startTimestamp": "2015-06-01T22:57:29.882Z",
        "endTimestamp": "2015-06-01T23:02:10.685Z"
      },
      "distance": 1403,
      "confidence": "UNKNOWN_CONFIDENCE",
      "activities": [{
        "activityType": "UNKNOWN_ACTIVITY_TYPE",
        "probability": 0.0
      }],
      "editConfirmationStatus": "NOT_CONFIRMED"
    }
  }, {
    "activitySegment": {
      "startLocation": {
      },
      "endLocation": {
      },
      "duration": {
        "startTimestamp": "2015-06-01T23:02:10.685Z",
        "endTimestamp": "2015-06-01T23:05:46.276Z"
      },
      "confidence": "LOW",
      "activities": [{
        "activityType": "WALKING",
        "probability": 0.0
      }, {
        "activityType": "CYCLING",
        "probability": 0.0
      }, {
        "activityType": "IN_VEHICLE",
        "probability": 0.0
      }],
      "editConfirmationStatus": "NOT_CONFIRMED"
    }
  }, {
    "placeVisit": {
      "location": {
        "latitudeE7": 335796792,
        "longitudeE7": -789979256,
        "placeId": "ChIJCwv217dAAIkR5o4R6dvi2aE",
        "address": "316 Dogwood Dr N, Murrells Inlet, South Carolina 29576, United States",
        "name": "Garden City Chapel \u0026 Retreat",
        "locationConfidence": 24.77752,
        "isCurrentLocation": true
      },
      "duration": {
        "startTimestamp": "2015-06-01T23:05:46.276Z",
        "endTimestamp": "2015-06-01T23:46:28.035Z"
      },
      "centerLatE7": 335794560,
      "centerLngE7": -789980920,
      "visitConfidence": 49,
      "otherCandidateLocations": [{
        "latitudeE7": 335776560,
        "longitudeE7": -789993590,
        "placeId": "ChIJ_8JozbVAAIkRXU0Risk0_bk",
        "address": "128 Atlantic Ave, Murrells Inlet, SC 29576, USA",
        "name": "Dunes Realty Vacation Rentals",
        "locationConfidence": 12.067149
      }, {
        "latitudeE7": 335766714,
        "longitudeE7": -789985376,
        "placeId": "ChIJZe_ruLVAAIkRjy0pTdTzXVU",
        "address": "110 S Waccamaw Dr, Murrells Inlet, SC 29576, USA",
        "name": "The Pier At Garden City",
        "locationConfidence": 7.122786
      }, {
        "latitudeE7": 335781029,
        "longitudeE7": -789998843,
        "placeId": "ChIJ1Xu_prZAAIkRL2a8PnWhZRE",
        "address": "312 Reindeer Moss Ct, Myrtle Beach, SC 29588, USA",
        "name": "Woodys Rentals",
        "locationConfidence": 6.550889
      }, {
        "latitudeE7": 335792431,
        "longitudeE7": -789968087,
        "placeId": "ChIJW7TZ0ZQ4AIkRFgeoEsULKDw",
        "name": "Rowe\u0027s Beach House",
        "locationConfidence": 5.4647055
      }, {
        "latitudeE7": 335777828,
        "longitudeE7": -789983349,
        "placeId": "ChIJKZC3w7VAAIkRvdwWx4xns1Q",
        "address": "131 N Waccamaw Dr, Murrells Inlet, SC 29576, USA",
        "name": "Beach Realty",
        "locationConfidence": 4.826016
      }, {
        "latitudeE7": 335776730,
        "longitudeE7": -789991444,
        "placeId": "ChIJQcCJ0bVAAIkRQWErewlq9KE",
        "address": "120 Atlantic Ave, Murrells Inlet, SC 29576, USA",
        "name": "Garden City Beach Bar \u0026 Grill",
        "locationConfidence": 4.545994
      }, {
        "latitudeE7": 335781771,
        "longitudeE7": -789973241,
        "placeId": "ChIJfSghCLZAAIkRNpfLmfqu1DY",
        "address": "200 N Waccamaw Dr #2C, Murrells Inlet, SC 29576, USA",
        "name": "Coronaca Beach Bums",
        "locationConfidence": 3.8260016
      }, {
        "latitudeE7": 335777460,
        "longitudeE7": -790001766,
        "placeId": "ChIJb-DSJrRAAIkRy7bID8He2Vc",
        "address": "211 Atlantic Ave, Murrells Inlet, SC 29576, USA",
        "name": "Causeway Grill \u0026 Raw Bar",
        "locationConfidence": 2.5239453
      }, {
        "latitudeE7": 335774489,
        "longitudeE7": -789990682,
        "placeId": "ChIJpa6ZzrVAAIkRlHXXJdPh6cc",
        "address": "117 Atlantic Ave, Murrells Inlet, SC 29576, USA",
        "name": "Scooters \u0026 Cycles",
        "locationConfidence": 2.4968748
      }],
      "editConfirmationStatus": "NOT_CONFIRMED",
      "locationConfidence": 27,
      "placeVisitType": "SINGLE_PLACE",
      "placeVisitImportance": "MAIN"
    }
  }, {
    "placeVisit": {
      "location": {
        "latitudeE7": 335842240,
        "longitudeE7": -789916220,
        "placeId": "ChIJzw7ZDcZAAIkRJ6CVHYkUvqQ",
        "address": "1012 North Waccamaw Drive, Murrells Inlet, SC 29576-8759, United States",
        "name": "Water\u0027s Edge Resort",
        "locationConfidence": 68.28824
      },
      "duration": {
        "startTimestamp": "2015-06-10T00:08:55.461Z",
        "endTimestamp": "2015-06-10T00:26:07.351Z"
      },
      "centerLatE7": 335850550,
      "centerLngE7": -789920775,
      "visitConfidence": 77,
      "otherCandidateLocations": [{
        "latitudeE7": 335857588,
        "longitudeE7": -789902797,
        "placeId": "ChIJn3pz0cVAAIkRaYssZaC2VAE",
        "address": "1210 N Waccamaw Dr, Murrells Inlet, SC 29576, USA",
        "name": "Royal Garden Resort",
        "locationConfidence": 9.194002
      }, {
        "latitudeE7": 335850140,
        "longitudeE7": -789908147,
        "placeId": "ChIJ3xet2cVAAIkR0Wx2nOIPXz8",
        "name": "R G Staley\u0027s Bagel Cafe",
        "locationConfidence": 6.9816008
      }, {
        "latitudeE7": 335847119,
        "longitudeE7": -789909806,
        "placeId": "ChIJC62kdcZAAIkRKW7Fm_fhmvw",
        "address": "1108 N Waccamaw Dr, Murrells Inlet, SC 29576, USA",
        "name": "Horizon East Condominium",
        "locationConfidence": 5.1654835
      }, {
        "latitudeE7": 335849859,
        "longitudeE7": -789907445,
        "placeId": "ChIJ3xet2cVAAIkRx887UFxfkY4",
        "address": "1120 N Waccamaw Dr, Murrells Inlet, SC 29576, USA",
        "name": "Garden City Inn",
        "locationConfidence": 3.9134395
      }, {
        "latitudeE7": 335826130,
        "longitudeE7": -789931310,
        "placeId": "ChIJz0gHkMhAAIkRkqbt4OOaXIE",
        "address": "814 N Waccamaw Dr, Murrells Inlet, SC 29576, USA",
        "name": "Sea Oaks",
        "locationConfidence": 1.7808032
      }, {
        "latitudeE7": 335832625,
        "longitudeE7": -789922208,
        "placeId": "ChIJYzGbH8ZAAIkRWcRnB38eoGg",
        "address": "912 N Waccamaw Dr, Murrells Inlet, SC 29576, USA",
        "name": "Atalaya Towers",
        "locationConfidence": 1.6239436
      }, {
        "latitudeE7": 335860810,
        "longitudeE7": -789913755,
        "placeId": "ChIJp1Urh8ZAAIkRg53pF9EFBtE",
        "address": "118 Seabreeze Dr, Murrells Inlet, SC 29576, USA",
        "name": "raspberry kiss garden city",
        "locationConfidence": 1.3675851
      }, {
        "latitudeE7": 335862924,
        "longitudeE7": -789932202,
        "placeId": "ChIJIQH1-MZAAIkRIFQrvM5xxvc",
        "name": "Nautical Reflections",
        "locationConfidence": 0.9086215
      }, {
        "latitudeE7": 335868360,
        "longitudeE7": -789893680,
        "placeId": "ChIJiSo5QcRAAIkRRgPSZwQXYX8",
        "address": "1410 N Waccamaw Dr, Murrells Inlet, SC 29576, USA",
        "name": "Portofino Hoa",
        "locationConfidence": 0.46705154
      }],
      "editConfirmationStatus": "NOT_CONFIRMED",
      "locationConfidence": 62,
      "placeVisitType": "SINGLE_PLACE",
      "placeVisitImportance": "MAIN"
    }
  }, {
    "placeVisit": {
      "location": {
        "latitudeE7": 335853190,
        "longitudeE7": -790121620,
        "placeId": "ChIJLcKUjKVAAIkRg-DtebBysgs",
        "address": "2901 S. Highway 17, Murrells Inlet, South Carolina 29576, United States",
        "name": "Dunkin\u0027 Donuts",
        "locationConfidence": 76.28691
      },
      "duration": {
        "startTimestamp": "2015-06-10T01:31:48.644Z",
        "endTimestamp": "2015-06-10T03:00:45.425Z"
      },
      "centerLatE7": 335859998,
      "centerLngE7": -790119907,
      "visitConfidence": 80,
      "otherCandidateLocations": [{
        "latitudeE7": 335855060,
        "longitudeE7": -790122370,
        "placeId": "ChIJLcKUjKVAAIkRLKCG5GBFfDM",
        "address": "2901 US-17 BUS, Murrells Inlet, SC 29576, USA",
        "name": "Wings Beachwear - Garden City, SC #35",
        "locationConfidence": 10.227562
      }, {
        "latitudeE7": 335857000,
        "longitudeE7": -790124000,
        "placeId": "ChIJi559-FQ_AIkRCfEtyJchr0E",
        "name": "Ironheads",
        "locationConfidence": 4.2164903
      }, {
        "latitudeE7": 335861433,
        "longitudeE7": -790128594,
        "placeId": "ChIJGwcRia04AIkRjVHfX6V6Ums",
        "address": "2908 US-17 BUS, Murrells Inlet, SC 29576, USA",
        "name": "Garden City House of Pancakes",
        "locationConfidence": 3.2143288
      }, {
        "latitudeE7": 335854220,
        "longitudeE7": -790108680,
        "placeId": "ChIJK5d_eKVAAIkRgDR5Bssz0PY",
        "address": "608 Atlantic Ave, Murrells Inlet, SC 29576, USA",
        "name": "Garden City Realty, Inc.",
        "locationConfidence": 1.8755116
      }, {
        "latitudeE7": 335853618,
        "longitudeE7": -790121741,
        "placeId": "ChIJLcKUjKVAAIkRf9Ppu-RX5Ew",
        "address": "2901 US-17 BUS, Murrells Inlet, SC 29576, USA",
        "name": "Atlantic Discount Spirits",
        "locationConfidence": 1.0231972
      }, {
        "latitudeE7": 335859357,
        "longitudeE7": -790115810,
        "placeId": "ChIJhXYskaVAAIkRShRFMPc_cVE",
        "address": "2863S US-17 BUS, Murrells Inlet, SC 29576, USA",
        "name": "ATM Kangaroo Express 3224",
        "locationConfidence": 0.8096823
      }, {
        "latitudeE7": 335860072,
        "longitudeE7": -790116472,
        "placeId": "ChIJhXYskaVAAIkRShRFMPc_cVE",
        "address": "2863S US-17 BUS, Murrells Inlet, SC 29576, USA",
        "name": "Kangaroo Express",
        "locationConfidence": 0.55655414,
        "isCurrentLocation": true
      }, {
        "latitudeE7": 335877886,
        "longitudeE7": -790122181,
        "placeId": "ChIJRdpUD2A_AIkRFloVuDHfHOs",
        "address": "545 Garden City Con, Murrells Inlet, SC 29576, USA",
        "name": "Walmart Supercenter",
        "locationConfidence": 0.35703844
      }, {
        "latitudeE7": 335869420,
        "longitudeE7": -790116610,
        "placeId": "ChIJjVZ05KhAAIkRshxKu6cTnbU",
        "address": "2856 US-17 BUS, Murrells Inlet, SC 29576, USA",
        "name": "Verizon Wireless Premium Retailer, Cellular Sales",
        "locationConfidence": 0.27817023
      }],
      "editConfirmationStatus": "NOT_CONFIRMED",
      "locationConfidence": 69,
      "placeVisitType": "SINGLE_PLACE",
      "placeVisitImportance": "MAIN"
    }
  }, {
    "placeVisit": {
      "location": {
        "latitudeE7": 335857588,
        "longitudeE7": -789902797,
        "placeId": "ChIJn3pz0cVAAIkRaYssZaC2VAE",
        "address": "1210 North Waccamaw Drive, Murrells Inlet, SC 29576-9068, United States",
        "name": "Royal Garden Resort",
        "locationConfidence": 30.53059
      },
      "duration": {
        "startTimestamp": "2015-06-10T03:01:45.441Z",
        "endTimestamp": "2015-06-10T04:30:01.187Z"
      },
      "centerLatE7": 335850750,
      "centerLngE7": -789920375,
      "visitConfidence": 77,
      "otherCandidateLocations": [{
        "latitudeE7": 335842240,
        "longitudeE7": -789916220,
        "placeId": "ChIJzw7ZDcZAAIkRJ6CVHYkUvqQ",
        "address": "1012 N Waccamaw Dr, Murrells Inlet, SC 29576, USA",
        "name": "Water\u0027s Edge Resort",
        "locationConfidence": 19.405594
      }, {
        "latitudeE7": 335849859,
        "longitudeE7": -789907445,
        "placeId": "ChIJ3xet2cVAAIkRx887UFxfkY4",
        "address": "1120 N Waccamaw Dr, Murrells Inlet, SC 29576, USA",
        "name": "Garden City Inn",
        "locationConfidence": 18.771843
      }, {
        "latitudeE7": 335847119,
        "longitudeE7": -789909806,
        "placeId": "ChIJC62kdcZAAIkRKW7Fm_fhmvw",
        "address": "1108 N Waccamaw Dr, Murrells Inlet, SC 29576, USA",
        "name": "Horizon East Condominium",
        "locationConfidence": 16.783594
      }, {
        "latitudeE7": 335832625,
        "longitudeE7": -789922208,
        "placeId": "ChIJYzGbH8ZAAIkRWcRnB38eoGg",
        "address": "912 N Waccamaw Dr, Murrells Inlet, SC 29576, USA",
        "name": "Atalaya Towers",
        "locationConfidence": 4.9491687
      }, {
        "latitudeE7": 335860810,
        "longitudeE7": -789913755,
        "placeId": "ChIJp1Urh8ZAAIkRg53pF9EFBtE",
        "address": "118 Seabreeze Dr, Murrells Inlet, SC 29576, USA",
        "name": "raspberry kiss garden city",
        "locationConfidence": 4.5275354
      }, {
        "latitudeE7": 335850140,
        "longitudeE7": -789908147,
        "placeId": "ChIJ3xet2cVAAIkR0Wx2nOIPXz8",
        "name": "R G Staley\u0027s Bagel Cafe",
        "locationConfidence": 2.2475545
      }, {
        "latitudeE7": 335826130,
        "longitudeE7": -789931310,
        "placeId": "ChIJz0gHkMhAAIkRkqbt4OOaXIE",
        "address": "814 N Waccamaw Dr, Murrells Inlet, SC 29576, USA",
        "name": "Sea Oaks",
        "locationConfidence": 1.6600598
      }, {
        "latitudeE7": 335868360,
        "longitudeE7": -789893680,
        "placeId": "ChIJiSo5QcRAAIkRRgPSZwQXYX8",
        "address": "1410 N Waccamaw Dr, Murrells Inlet, SC 29576, USA",
        "name": "Portofino Hoa",
        "locationConfidence": 0.69181937
      }, {
        "latitudeE7": 335862924,
        "longitudeE7": -789932202,
        "placeId": "ChIJIQH1-MZAAIkRIFQrvM5xxvc",
        "name": "Nautical Reflections",
        "locationConfidence": 0.27353507
      }],
      "editConfirmationStatus": "NOT_CONFIRMED",
      "locationConfidence": 32,
      "placeVisitType": "SINGLE_PLACE",
      "placeVisitImportance": "MAIN"
    }
  }, {
    "activitySegment": {
      "startLocation": {
        "latitudeE7": 335857588,
        "longitudeE7": -789902797,
        "placeId": "ChIJn3pz0cVAAIkRaYssZaC2VAE",
        "address": "1210 North Waccamaw Drive, Murrells Inlet, SC 29576-9068, United States",
        "name": "Royal Garden Resort",
        "locationConfidence": 30.53059
      },
      "endLocation": {
        "latitudeE7": 335851211,
        "longitudeE7": -789919531
      },
      "duration": {
        "startTimestamp": "2015-06-10T04:30:01.187Z",
        "endTimestamp": "2015-06-10T04:32:07.586Z"
      },
      "confidence": "LOW",
      "activities": [{
        "activityType": "WALKING",
        "probability": 0.0
      }, {
        "activityType": "CYCLING",
        "probability": 0.0
      }, {
        "activityType": "IN_VEHICLE",
        "probability": 0.0
      }],
      "editConfirmationStatus": "NOT_CONFIRMED"
    }
  }, {
    "placeVisit": {
      "location": {
        "latitudeE7": 335842240,
        "longitudeE7": -789916220,
        "placeId": "ChIJzw7ZDcZAAIkRJ6CVHYkUvqQ",
        "address": "1012 North Waccamaw Drive, Murrells Inlet, SC 29576-8759, United States",
        "name": "Water\u0027s Edge Resort",
        "locationConfidence": 59.553005
      },
      "duration": {
        "startTimestamp": "2015-06-10T12:00:02.427Z",
        "endTimestamp": "2015-06-10T12:15:49.302Z"
      },
      "centerLatE7": 335850800,
      "centerLngE7": -789920267,
      "visitConfidence": 77,
      "otherCandidateLocations": [{
        "latitudeE7": 335849859,
        "longitudeE7": -789907445,
        "placeId": "ChIJ3xet2cVAAIkRx887UFxfkY4",
        "address": "1120 N Waccamaw Dr, Murrells Inlet, SC 29576, USA",
        "name": "Garden City Inn",
        "locationConfidence": 11.792951
      }, {
        "latitudeE7": 335857588,
        "longitudeE7": -789902797,
        "placeId": "ChIJn3pz0cVAAIkRaYssZaC2VAE",
        "address": "1210 N Waccamaw Dr, Murrells Inlet, SC 29576, USA",
        "name": "Royal Garden Resort",
        "locationConfidence": 8.665981
      }, {
        "latitudeE7": 335850140,
        "longitudeE7": -789908147,
        "placeId": "ChIJ3xet2cVAAIkR0Wx2nOIPXz8",
        "name": "R G Staley\u0027s Bagel Cafe",
        "locationConfidence": 6.534192
      }, {
        "latitudeE7": 335847119,
        "longitudeE7": -789909806,
        "placeId": "ChIJC62kdcZAAIkRKW7Fm_fhmvw",
        "address": "1108 N Waccamaw Dr, Murrells Inlet, SC 29576, USA",
        "name": "Horizon East Condominium",
        "locationConfidence": 4.7367387
      }, {
        "latitudeE7": 335832625,
        "longitudeE7": -789922208,
        "placeId": "ChIJYzGbH8ZAAIkRWcRnB38eoGg",
        "address": "912 N Waccamaw Dr, Murrells Inlet, SC 29576, USA",
        "name": "Atalaya Towers",
        "locationConfidence": 4.4275956
      }, {
        "latitudeE7": 335826130,
        "longitudeE7": -789931310,
        "placeId": "ChIJz0gHkMhAAIkRkqbt4OOaXIE",
        "address": "814 N Waccamaw Dr, Murrells Inlet, SC 29576, USA",
        "name": "Sea Oaks",
        "locationConfidence": 1.5323397
      }, {
        "latitudeE7": 335860810,
        "longitudeE7": -789913755,
        "placeId": "ChIJp1Urh8ZAAIkRg53pF9EFBtE",
        "address": "118 Seabreeze Dr, Murrells Inlet, SC 29576, USA",
        "name": "raspberry kiss garden city",
        "locationConfidence": 1.2835357
      }, {
        "latitudeE7": 335862924,
        "longitudeE7": -789932202,
        "placeId": "ChIJIQH1-MZAAIkRIFQrvM5xxvc",
        "name": "Nautical Reflections",
        "locationConfidence": 0.79183865
      }, {
        "latitudeE7": 335868360,
        "longitudeE7": -789893680,
        "placeId": "ChIJiSo5QcRAAIkRRgPSZwQXYX8",
        "address": "1410 N Waccamaw Dr, Murrells Inlet, SC 29576, USA",
        "name": "Portofino Hoa",
        "locationConfidence": 0.41085398
      }],
      "editConfirmationStatus": "NOT_CONFIRMED",
      "locationConfidence": 55,
      "placeVisitType": "SINGLE_PLACE",
      "placeVisitImportance": "MAIN"
    }
  }, {
    "activitySegment": {
      "startLocation": {
      },
      "endLocation": {
      },
      "duration": {
        "startTimestamp": "2015-06-10T12:40:57.284Z",
        "endTimestamp": "2015-06-10T13:08:13.993Z"
      },
      "distance": 2223,
      "confidence": "MEDIUM",
      "activities": [{
        "activityType": "IN_VEHICLE",
        "probability": 0.0
      }, {
        "activityType": "CYCLING",
        "probability": 0.0
      }, {
        "activityType": "WALKING",
        "probability": 0.0
      }],
      "editConfirmationStatus": "NOT_CONFIRMED"
    }
  }, {
    "activitySegment": {
      "startLocation": {
      },
      "endLocation": {
      },
      "duration": {
        "startTimestamp": "2015-06-10T14:57:19.608Z",
        "endTimestamp": "2015-06-10T15:07:07.533Z"
      },
      "distance": 590,
      "confidence": "HIGH",
      "activities": [{
        "activityType": "IN_VEHICLE",
        "probability": 0.0
      }, {
        "activityType": "FLYING",
        "probability": 0.0
      }, {
        "activityType": "CYCLING",
        "probability": 0.0
      }],
      "editConfirmationStatus": "NOT_CONFIRMED"
    }
  }, {
    "placeVisit": {
      "location": {
        "latitudeE7": 335842240,
        "longitudeE7": -789916220,
        "placeId": "ChIJzw7ZDcZAAIkRJ6CVHYkUvqQ",
        "address": "1012 North Waccamaw Drive, Murrells Inlet, SC 29576-8759, United States",
        "name": "Water\u0027s Edge Resort",
        "locationConfidence": 60.81076
      },
      "duration": {
        "startTimestamp": "2015-06-10T15:09:50.776Z",
        "endTimestamp": "2015-06-10T22:11:14.494Z"
      },
      "centerLatE7": 335850674,
      "centerLngE7": -789920521,
      "visitConfidence": 64,
      "otherCandidateLocations": [{
        "latitudeE7": 335857588,
        "longitudeE7": -789902797,
        "placeId": "ChIJn3pz0cVAAIkRaYssZaC2VAE",
        "address": "1210 N Waccamaw Dr, Murrells Inlet, SC 29576, USA",
        "name": "Royal Garden Resort",
        "locationConfidence": 15.254792
      }, {
        "latitudeE7": 335847119,
        "longitudeE7": -789909806,
        "placeId": "ChIJC62kdcZAAIkRKW7Fm_fhmvw",
        "address": "1108 N Waccamaw Dr, Murrells Inlet, SC 29576, USA",
        "name": "Horizon East Condominium",
        "locationConfidence": 8.414273
      }, {
        "latitudeE7": 335850140,
        "longitudeE7": -789908147,
        "placeId": "ChIJ3xet2cVAAIkR0Wx2nOIPXz8",
        "name": "R G Staley\u0027s Bagel Cafe",
        "locationConfidence": 5.0139832
      }, {
        "latitudeE7": 335849859,
        "longitudeE7": -789907445,
        "placeId": "ChIJ3xet2cVAAIkRx887UFxfkY4",
        "address": "1120 N Waccamaw Dr, Murrells Inlet, SC 29576, USA",
        "name": "Garden City Inn",
        "locationConfidence": 3.274083
      }, {
        "latitudeE7": 335832625,
        "longitudeE7": -789922208,
        "placeId": "ChIJYzGbH8ZAAIkRWcRnB38eoGg",
        "address": "912 N Waccamaw Dr, Murrells Inlet, SC 29576, USA",
        "name": "Atalaya Towers",
        "locationConfidence": 2.5064926
      }, {
        "latitudeE7": 335860810,
        "longitudeE7": -789913755,
        "placeId": "ChIJp1Urh8ZAAIkRg53pF9EFBtE",
        "address": "118 Seabreeze Dr, Murrells Inlet, SC 29576, USA",
        "name": "raspberry kiss garden city",
        "locationConfidence": 2.2638364
      }, {
        "latitudeE7": 335826130,
        "longitudeE7": -789931310,
        "placeId": "ChIJz0gHkMhAAIkRkqbt4OOaXIE",
        "address": "814 N Waccamaw Dr, Murrells Inlet, SC 29576, USA",
        "name": "Sea Oaks",
        "locationConfidence": 1.2974547
      }, {
        "latitudeE7": 335862924,
        "longitudeE7": -789932202,
        "placeId": "ChIJIQH1-MZAAIkRIFQrvM5xxvc",
        "name": "Nautical Reflections",
        "locationConfidence": 0.662901
      }, {
        "latitudeE7": 335868360,
        "longitudeE7": -789893680,
        "placeId": "ChIJiSo5QcRAAIkRRgPSZwQXYX8",
        "address": "1410 N Waccamaw Dr, Murrells Inlet, SC 29576, USA",
        "name": "Portofino Hoa",
        "locationConfidence": 0.27459466
      }],
      "editConfirmationStatus": "NOT_CONFIRMED",
      "locationConfidence": 56,
      "placeVisitType": "SINGLE_PLACE",
      "placeVisitImportance": "MAIN"
    }
  }, {
    "activitySegment": {
      "startLocation": {
      },
      "endLocation": {
      },
      "duration": {
        "startTimestamp": "2015-06-10T22:21:58.311Z",
        "endTimestamp": "2015-06-10T22:25:29.594Z"
      },
      "distance": 137,
      "confidence": "LOW",
      "activities": [{
        "activityType": "IN_VEHICLE",
        "probability": 0.0
      }, {
        "activityType": "WALKING",
        "probability": 0.0
      }, {
        "activityType": "FLYING",
        "probability": 0.0
      }],
      "editConfirmationStatus": "NOT_CONFIRMED"
    }
  }, {
    "activitySegment": {
      "startLocation": {
      },
      "endLocation": {
      },
      "duration": {
        "startTimestamp": "2015-06-10T22:41:47.309Z",
        "endTimestamp": "2015-06-10T23:24:59.749Z"
      },
      "distance": 269,
      "confidence": "UNKNOWN_CONFIDENCE",
      "activities": [{
        "activityType": "UNKNOWN_ACTIVITY_TYPE",
        "probability": 0.0
      }],
      "editConfirmationStatus": "NOT_CONFIRMED"
    }
  }, {
    "activitySegment": {
      "startLocation": {
        "latitudeE7": 335874799,
        "longitudeE7": -790013726
      },
      "endLocation": {
        "latitudeE7": 336439623,
        "longitudeE7": -789886253
      },
      "duration": {
        "startTimestamp": "2015-06-10T23:25:37.559Z",
        "endTimestamp": "2015-06-10T23:58:55.762Z"
      },
      "distance": 7893,
      "confidence": "MEDIUM",
      "activities": [{
        "activityType": "IN_VEHICLE",
        "probability": 0.0
      }, {
        "activityType": "CYCLING",
        "probability": 0.0
      }, {
        "activityType": "WALKING",
        "probability": 0.0
      }],
      "waypointPath": {
        "waypoints": [{
          "latE7": 335869102,
          "lngE7": -790007095
        }, {
          "latE7": 336440048,
          "lngE7": -789885940
        }],
        "source": "BACKFILLED",
        "distanceMeters": 8865.60558861166,
        "travelMode": "DRIVE",
        "confidence": 0.0
      },
      "editConfirmationStatus": "NOT_CONFIRMED"
    }
  }, {
    "placeVisit": {
      "location": {
        "latitudeE7": 336443803,
        "longitudeE7": -789887609,
        "placeId": "ChIJMb5_4DhAAIkRdfu21v4VsIg",
        "address": "127 Loyola Dr, Myrtle Beach, SC 29588, USA",
        "name": "Palmetto Goodwill",
        "locationConfidence": 91.331055
      },
      "duration": {
        "startTimestamp": "2015-06-10T23:58:56.709Z",
        "endTimestamp": "2015-06-11T00:12:18.053Z"
      },
      "placeConfidence": "HIGH_CONFIDENCE",
      "centerLatE7": 336439600,
      "centerLngE7": -789886200,
      "visitConfidence": 64,
      "otherCandidateLocations": [{
        "latitudeE7": 336430146,
        "longitudeE7": -789877724,
        "placeId": "ChIJX0j5JzlAAIkR-HddVpHCjHs",
        "address": "124 Loyola Dr, Myrtle Beach, SC 29588, USA",
        "name": "Denny\u0027s",
        "locationConfidence": 1.8938277
      }, {
        "latitudeE7": 336424100,
        "longitudeE7": -789892400,
        "placeId": "ChIJFRavbDlAAIkRBsF9D9Th-g4",
        "address": "116 Loyola Dr, Myrtle Beach, SC 29588, USA",
        "name": "Steak \u0027n Shake",
        "locationConfidence": 0.9025201
      }, {
        "latitudeE7": 336442480,
        "longitudeE7": -789868584,
        "placeId": "ChIJq1imIjpAAIkRWPa8OS6P5nw",
        "address": "1000 S Commons Dr #1, Myrtle Beach, SC 29575, USA",
        "name": "Fiesta Mexicana",
        "locationConfidence": 0.8930137
      }, {
        "latitudeE7": 336464450,
        "longitudeE7": -789870310,
        "placeId": "ChIJS_i56mZqAIkR8rQegLPzbW0",
        "address": "8672 Hwy 17, Myrtle Beach, SC 29588, USA",
        "name": "Lowe\u0027s Home Improvement",
        "locationConfidence": 0.7989707
      }, {
        "latitudeE7": 336435320,
        "longitudeE7": -789874117,
        "placeId": "ChIJMb5_4DhAAIkRa5LGlm0Xwcs",
        "address": "128 Loyola Dr, Myrtle Beach, SC 29588, USA",
        "name": "First Citizens Bank",
        "locationConfidence": 0.69097954
      }, {
        "latitudeE7": 336443271,
        "longitudeE7": -789868050,
        "placeId": "ChIJHaWwFzpAAIkRgcOrcOI2YUE",
        "address": "1000 S Commons Dr Ste 102, Myrtle Beach, SC 29588, USA",
        "name": "The UPS Store",
        "locationConfidence": 0.68795586
      }, {
        "latitudeE7": 336445182,
        "longitudeE7": -789866444,
        "placeId": "ChIJHaWwFzpAAIkRrFvtyGIphcE",
        "address": "1000 S Commons Dr #5, Myrtle Beach, SC 29588, USA",
        "name": "McAlister\u0027s Deli",
        "locationConfidence": 0.64131767
      }, {
        "latitudeE7": 336443586,
        "longitudeE7": -789867049,
        "placeId": "ChIJ4ehhbDBAAIkRQfGqx07pdRc",
        "locationConfidence": 0.5798388
      }, {
        "latitudeE7": 336443878,
        "longitudeE7": -789868230,
        "placeId": "ChIJhwe6FzpAAIkRuBsSVbXXM0g",
        "address": "1000 S Commons Dr Ste. 104, Myrtle Beach, SC 29588, USA",
        "name": "Sport Clips Haircuts of South Myrtle Beach",
        "locationConfidence": 0.27642277
      }],
      "editConfirmationStatus": "NOT_CONFIRMED",
      "locationConfidence": 81,
      "placeVisitType": "SINGLE_PLACE",
      "placeVisitImportance": "MAIN"
    }
  }, {
    "activitySegment": {
      "startLocation": {
        "latitudeE7": 336443803,
        "longitudeE7": -789887609,
        "placeId": "ChIJMb5_4DhAAIkRdfu21v4VsIg",
        "address": "127 Loyola Dr, Myrtle Beach, SC 29588, USA",
        "name": "Palmetto Goodwill",
        "locationConfidence": 91.331055
      },
      "endLocation": {
        "latitudeE7": 336439623,
        "longitudeE7": -789886253
      },
      "duration": {
        "startTimestamp": "2015-06-11T00:12:18.053Z",
        "endTimestamp": "2015-06-11T00:18:46.188Z"
      },
      "confidence": "MEDIUM",
      "activities": [{
        "activityType": "WALKING",
        "probability": 0.0
      }, {
        "activityType": "CYCLING",
        "probability": 0.0
      }, {
        "activityType": "IN_VEHICLE",
        "probability": 0.0
      }],
      "editConfirmationStatus": "NOT_CONFIRMED"
    }
  }, {
    "activitySegment": {
      "startLocation": {
        "latitudeE7": 336439623,
        "longitudeE7": -789886253
      },
      "endLocation": {
        "latitudeE7": 335878963,
        "longitudeE7": -790064294
      },
      "duration": {
        "startTimestamp": "2015-06-11T00:18:46.188Z",
        "endTimestamp": "2015-06-11T00:41:42.723Z"
      },
      "distance": 5394,
      "confidence": "MEDIUM",
      "activities": [{
        "activityType": "IN_VEHICLE",
        "probability": 0.0
      }, {
        "activityType": "WALKING",
        "probability": 0.0
      }, {
        "activityType": "CYCLING",
        "probability": 0.0
      }],
      "waypointPath": {
        "waypoints": [{
          "latE7": 336440048,
          "lngE7": -789885940
        }, {
          "latE7": 335878868,
          "lngE7": -790064392
        }],
        "source": "BACKFILLED",
        "distanceMeters": 8124.599848961037,
        "travelMode": "DRIVE",
        "confidence": 0.0
      },
      "editConfirmationStatus": "NOT_CONFIRMED"
    }
  }, {
    "placeVisit": {
      "location": {
        "latitudeE7": 335842240,
        "longitudeE7": -789916220,
        "placeId": "ChIJzw7ZDcZAAIkRJ6CVHYkUvqQ",
        "address": "1012 North Waccamaw Drive, Murrells Inlet, SC 29576-8759, United States",
        "name": "Water\u0027s Edge Resort",
        "locationConfidence": 48.885433
      },
      "duration": {
        "startTimestamp": "2015-06-11T01:18:14.670Z",
        "endTimestamp": "2015-06-11T03:14:22.877Z"
      },
      "centerLatE7": 335850600,
      "centerLngE7": -789920650,
      "visitConfidence": 76,
      "otherCandidateLocations": [{
        "latitudeE7": 335857588,
        "longitudeE7": -789902797,
        "placeId": "ChIJn3pz0cVAAIkRaYssZaC2VAE",
        "address": "1210 N Waccamaw Dr, Murrells Inlet, SC 29576, USA",
        "name": "Royal Garden Resort",
        "locationConfidence": 22.806545
      }, {
        "latitudeE7": 335847119,
        "longitudeE7": -789909806,
        "placeId": "ChIJC62kdcZAAIkRKW7Fm_fhmvw",
        "address": "1108 N Waccamaw Dr, Murrells Inlet, SC 29576, USA",
        "name": "Horizon East Condominium",
        "locationConfidence": 12.749907
      }, {
        "latitudeE7": 335849859,
        "longitudeE7": -789907445,
        "placeId": "ChIJ3xet2cVAAIkRx887UFxfkY4",
        "address": "1120 N Waccamaw Dr, Murrells Inlet, SC 29576, USA",
        "name": "Garden City Inn",
        "locationConfidence": 4.3743844
      }, {
        "latitudeE7": 335832625,
        "longitudeE7": -789922208,
        "placeId": "ChIJYzGbH8ZAAIkRWcRnB38eoGg",
        "address": "912 N Waccamaw Dr, Murrells Inlet, SC 29576, USA",
        "name": "Atalaya Towers",
        "locationConfidence": 3.9316304
      }, {
        "latitudeE7": 335860810,
        "longitudeE7": -789913755,
        "placeId": "ChIJp1Urh8ZAAIkRg53pF9EFBtE",
        "address": "118 Seabreeze Dr, Murrells Inlet, SC 29576, USA",
        "name": "raspberry kiss garden city",
        "locationConfidence": 3.3863008
      }, {
        "latitudeE7": 335850140,
        "longitudeE7": -789908147,
        "placeId": "ChIJ3xet2cVAAIkR0Wx2nOIPXz8",
        "name": "R G Staley\u0027s Bagel Cafe",
        "locationConfidence": 1.6872133
      }, {
        "latitudeE7": 335826130,
        "longitudeE7": -789931310,
        "placeId": "ChIJz0gHkMhAAIkRkqbt4OOaXIE",
        "address": "814 N Waccamaw Dr, Murrells Inlet, SC 29576, USA",
        "name": "Sea Oaks",
        "locationConfidence": 1.304937
      }, {
        "latitudeE7": 335868360,
        "longitudeE7": -789893680,
        "placeId": "ChIJiSo5QcRAAIkRRgPSZwQXYX8",
        "address": "1410 N Waccamaw Dr, Murrells Inlet, SC 29576, USA",
        "name": "Portofino Hoa",
        "locationConfidence": 0.53693825
      }, {
        "latitudeE7": 335862924,
        "longitudeE7": -789932202,
        "placeId": "ChIJIQH1-MZAAIkRIFQrvM5xxvc",
        "name": "Nautical Reflections",
        "locationConfidence": 0.21302661
      }],
      "editConfirmationStatus": "NOT_CONFIRMED",
      "locationConfidence": 46,
      "placeVisitType": "SINGLE_PLACE",
      "placeVisitImportance": "MAIN"
    }
  }]
}